levels,lags,params,mean_squared_error__weighted_average,mean_squared_error__average,mean_squared_error__pooling,n_estimators,learning_rate,num_leaves,max_depth,min_child_samples,reg_alpha,reg_lambda
"['group_a_001', 'group_a_002', 'group_a_003', 'group_b_001', 'group_b_002', 'group_b_003']",[1 2 3],"{'n_estimators': 345, 'learning_rate': 0.0826219235992138, 'num_leaves': 19, 'max_depth': 5, 'min_child_samples': 19, 'reg_alpha': 0.00018877564360292686, 'reg_lambda': 1.03713889465978e-07}",124.39942930457886,124.39942930457885,124.39942930457885,345.0,0.0826219235992138,19.0,5.0,19.0,0.00018877564360292686,1.03713889465978e-07
"['group_a_001', 'group_a_002', 'group_a_003', 'group_b_001', 'group_b_002', 'group_b_003']",[1 2 3],"{'n_estimators': 323, 'learning_rate': 0.08087254485596809, 'num_leaves': 23, 'max_depth': 5, 'min_child_samples': 18, 'reg_alpha': 2.385457442057189e-05, 'reg_lambda': 4.686314700254067e-08}",125.82033317595356,125.82033317595356,125.82033317595358,323.0,0.08087254485596809,23.0,5.0,18.0,2.385457442057189e-05,4.686314700254067e-08
"['group_a_001', 'group_a_002', 'group_a_003', 'group_b_001', 'group_b_002', 'group_b_003']",[1 2 3],"{'n_estimators': 295, 'learning_rate': 0.06697975547699812, 'num_leaves': 21, 'max_depth': 7, 'min_child_samples': 17, 'reg_alpha': 0.0005453964219388862, 'reg_lambda': 2.339868358753692e-08}",125.82508650095895,125.82508650095893,125.82508650095893,295.0,0.06697975547699812,21.0,7.0,17.0,0.0005453964219388862,2.339868358753692e-08
"['group_a_001', 'group_a_002', 'group_a_003', 'group_b_001', 'group_b_002', 'group_b_003']",[1 2 3],"{'n_estimators': 316, 'learning_rate': 0.0701845566693639, 'num_leaves': 17, 'max_depth': 6, 'min_child_samples': 15, 'reg_alpha': 1.2848647923736095e-05, 'reg_lambda': 5.242284684494252e-08}",126.04690956038769,126.04690956038766,126.04690956038766,316.0,0.0701845566693639,17.0,6.0,15.0,1.2848647923736095e-05,5.242284684494252e-08
"['group_a_001', 'group_a_002', 'group_a_003', 'group_b_001', 'group_b_002', 'group_b_003']",[1 2 3],"{'n_estimators': 419, 'learning_rate': 0.06226077672345454, 'num_leaves': 17, 'max_depth': 7, 'min_child_samples': 20, 'reg_alpha': 0.00022283505151696634, 'reg_lambda': 6.467109302161577e-06}",126.1488297117848,126.14882971178481,126.14882971178481,419.0,0.06226077672345454,17.0,7.0,20.0,0.00022283505151696634,6.467109302161577e-06
"['group_a_001', 'group_a_002', 'group_a_003', 'group_b_001', 'group_b_002', 'group_b_003']",[1 2 3],"{'n_estimators': 315, 'learning_rate': 0.06309746284009222, 'num_leaves': 18, 'max_depth': 7, 'min_child_samples': 19, 'reg_alpha': 0.00021636426876086516, 'reg_lambda': 9.339569017959582e-06}",126.28106314811858,126.28106314811859,126.28106314811859,315.0,0.06309746284009222,18.0,7.0,19.0,0.00021636426876086516,9.339569017959582e-06
"['group_a_001', 'group_a_002', 'group_a_003', 'group_b_001', 'group_b_002', 'group_b_003']",[1 2 3],"{'n_estimators': 339, 'learning_rate': 0.08312223086996508, 'num_leaves': 20, 'max_depth': 5, 'min_child_samples': 19, 'reg_alpha': 3.184189172352675e-05, 'reg_lambda': 1.7053806322688797e-07}",126.38850465461663,126.38850465461663,126.38850465461663,339.0,0.08312223086996508,20.0,5.0,19.0,3.184189172352675e-05,1.7053806322688797e-07
"['group_a_001', 'group_a_002', 'group_a_003', 'group_b_001', 'group_b_002', 'group_b_003']",[1 2 3],"{'n_estimators': 326, 'learning_rate': 0.07201788098091519, 'num_leaves': 21, 'max_depth': 5, 'min_child_samples': 19, 'reg_alpha': 5.7040078755588574e-05, 'reg_lambda': 8.509995921678708e-08}",126.64465620949635,126.64465620949633,126.64465620949635,326.0,0.07201788098091519,21.0,5.0,19.0,5.7040078755588574e-05,8.509995921678708e-08
"['group_a_001', 'group_a_002', 'group_a_003', 'group_b_001', 'group_b_002', 'group_b_003']",[1 2 3],"{'n_estimators': 306, 'learning_rate': 0.07746327736289677, 'num_leaves': 19, 'max_depth': 7, 'min_child_samples': 17, 'reg_alpha': 5.669977888689965e-05, 'reg_lambda': 4.196119726788371e-08}",127.2902533419413,127.29025334194128,127.29025334194128,306.0,0.07746327736289677,19.0,7.0,17.0,5.669977888689965e-05,4.196119726788371e-08
"['group_a_001', 'group_a_002', 'group_a_003', 'group_b_001', 'group_b_002', 'group_b_003']",[1 2 3],"{'n_estimators': 331, 'learning_rate': 0.06324411132366832, 'num_leaves': 20, 'max_depth': 6, 'min_child_samples': 20, 'reg_alpha': 1.7783036206417756e-05, 'reg_lambda': 0.000924350145637538}",127.29623910213117,127.29623910213117,127.2962391021312,331.0,0.06324411132366832,20.0,6.0,20.0,1.7783036206417756e-05,0.000924350145637538
"['group_a_001', 'group_a_002', 'group_a_003', 'group_b_001', 'group_b_002', 'group_b_003']",[1 2 3],"{'n_estimators': 320, 'learning_rate': 0.13574165644927697, 'num_leaves': 50, 'max_depth': 6, 'min_child_samples': 28, 'reg_alpha': 0.00029065582787675816, 'reg_lambda': 3.199160813819233e-06}",127.89701536104947,127.89701536104948,127.89701536104947,320.0,0.13574165644927697,50.0,6.0,28.0,0.00029065582787675816,3.199160813819233e-06
"['group_a_001', 'group_a_002', 'group_a_003', 'group_b_001', 'group_b_002', 'group_b_003']",[1 2 3],"{'n_estimators': 294, 'learning_rate': 0.05994865598667266, 'num_leaves': 21, 'max_depth': 7, 'min_child_samples': 18, 'reg_alpha': 0.00029605646492809895, 'reg_lambda': 0.00032029977755130754}",127.91691494645362,127.91691494645363,127.91691494645359,294.0,0.05994865598667266,21.0,7.0,18.0,0.00029605646492809895,0.00032029977755130754
"['group_a_001', 'group_a_002', 'group_a_003', 'group_b_001', 'group_b_002', 'group_b_003']",[1 2 3],"{'n_estimators': 328, 'learning_rate': 0.07250866875827931, 'num_leaves': 21, 'max_depth': 6, 'min_child_samples': 19, 'reg_alpha': 6.573297084062961e-05, 'reg_lambda': 6.957750187701069e-08}",127.93070107670998,127.93070107670998,127.93070107670998,328.0,0.07250866875827931,21.0,6.0,19.0,6.573297084062961e-05,6.957750187701069e-08
"['group_a_001', 'group_a_002', 'group_a_003', 'group_b_001', 'group_b_002', 'group_b_003']",[1 2 3],"{'n_estimators': 316, 'learning_rate': 0.07593071347741762, 'num_leaves': 21, 'max_depth': 6, 'min_child_samples': 22, 'reg_alpha': 4.7999018185895944e-05, 'reg_lambda': 4.732540897233271e-08}",127.99986030701656,127.99986030701655,127.99986030701655,316.0,0.07593071347741762,21.0,6.0,22.0,4.7999018185895944e-05,4.732540897233271e-08
"['group_a_001', 'group_a_002', 'group_a_003', 'group_b_001', 'group_b_002', 'group_b_003']",[1 2 3],"{'n_estimators': 327, 'learning_rate': 0.05270690137173445, 'num_leaves': 20, 'max_depth': 6, 'min_child_samples': 20, 'reg_alpha': 9.101325827633577e-06, 'reg_lambda': 0.0008438028871387918}",128.11994453147005,128.11994453147005,128.11994453147003,327.0,0.05270690137173445,20.0,6.0,20.0,9.101325827633577e-06,0.0008438028871387918
"['group_a_001', 'group_a_002', 'group_a_003', 'group_b_001', 'group_b_002', 'group_b_003']",[1 2 3],"{'n_estimators': 296, 'learning_rate': 0.04910021217333298, 'num_leaves': 21, 'max_depth': 8, 'min_child_samples': 21, 'reg_alpha': 0.0004678405135028642, 'reg_lambda': 1.8329622786468958e-05}",128.12648390500942,128.12648390500942,128.12648390500942,296.0,0.04910021217333298,21.0,8.0,21.0,0.0004678405135028642,1.8329622786468958e-05
"['group_a_001', 'group_a_002', 'group_a_003', 'group_b_001', 'group_b_002', 'group_b_003']",[1 2 3],"{'n_estimators': 286, 'learning_rate': 0.06456201662574297, 'num_leaves': 18, 'max_depth': 6, 'min_child_samples': 20, 'reg_alpha': 2.9579026393254348e-05, 'reg_lambda': 5.573381728440522e-08}",128.1958160246492,128.19581602464922,128.1958160246492,286.0,0.06456201662574297,18.0,6.0,20.0,2.9579026393254348e-05,5.573381728440522e-08
"['group_a_001', 'group_a_002', 'group_a_003', 'group_b_001', 'group_b_002', 'group_b_003']",[1 2 3],"{'n_estimators': 350, 'learning_rate': 0.042491476777444054, 'num_leaves': 19, 'max_depth': 6, 'min_child_samples': 32, 'reg_alpha': 1.2719580756095346e-05, 'reg_lambda': 0.0017152765074216572}",128.36943495641717,128.36943495641714,128.36943495641717,350.0,0.042491476777444054,19.0,6.0,32.0,1.2719580756095346e-05,0.0017152765074216572
"['group_a_001', 'group_a_002', 'group_a_003', 'group_b_001', 'group_b_002', 'group_b_003']",[1 2 3],"{'n_estimators': 313, 'learning_rate': 0.0840258602552129, 'num_leaves': 28, 'max_depth': 5, 'min_child_samples': 17, 'reg_alpha': 8.016586567161782e-05, 'reg_lambda': 6.308993399870629e-08}",128.47360335580464,128.47360335580464,128.47360335580464,313.0,0.0840258602552129,28.0,5.0,17.0,8.016586567161782e-05,6.308993399870629e-08
"['group_a_001', 'group_a_002', 'group_a_003', 'group_b_001', 'group_b_002', 'group_b_003']",[1 2 3],"{'n_estimators': 320, 'learning_rate': 0.06198218231693999, 'num_leaves': 21, 'max_depth': 6, 'min_child_samples': 22, 'reg_alpha': 8.131402721106133e-06, 'reg_lambda': 4.487125743894424e-08}",128.8144581765781,128.81445817657809,128.81445817657809,320.0,0.06198218231693999,21.0,6.0,22.0,8.131402721106133e-06,4.487125743894424e-08
"['group_a_001', 'group_a_002', 'group_a_003', 'group_b_001', 'group_b_002', 'group_b_003']",[1 2 3],"{'n_estimators': 420, 'learning_rate': 0.050683710675050155, 'num_leaves': 15, 'max_depth': 5, 'min_child_samples': 29, 'reg_alpha': 0.00034562197804591634, 'reg_lambda': 0.005447106558004862}",128.86054429816,128.86054429816,128.86054429816,420.0,0.050683710675050155,15.0,5.0,29.0,0.00034562197804591634,0.005447106558004862
"['group_a_001', 'group_a_002', 'group_a_003', 'group_b_001', 'group_b_002', 'group_b_003']",[1 2 3],"{'n_estimators': 330, 'learning_rate': 0.04784218509062143, 'num_leaves': 15, 'max_depth': 6, 'min_child_samples': 18, 'reg_alpha': 1.812425646803446e-05, 'reg_lambda': 5.361696356146873e-08}",128.9719974191344,128.97199741913442,128.9719974191344,330.0,0.04784218509062143,15.0,6.0,18.0,1.812425646803446e-05,5.361696356146873e-08
"['group_a_001', 'group_a_002', 'group_a_003', 'group_b_001', 'group_b_002', 'group_b_003']",[1 2 3],"{'n_estimators': 291, 'learning_rate': 0.05653003735039474, 'num_leaves': 21, 'max_depth': 7, 'min_child_samples': 18, 'reg_alpha': 9.412949292099477e-05, 'reg_lambda': 9.34568099588879e-08}",129.0810945491341,129.0810945491341,129.08109454913412,291.0,0.05653003735039474,21.0,7.0,18.0,9.412949292099477e-05,9.34568099588879e-08
"['group_a_001', 'group_a_002', 'group_a_003', 'group_b_001', 'group_b_002', 'group_b_003']",[1 2 3],"{'n_estimators': 314, 'learning_rate': 0.05747108879376851, 'num_leaves': 22, 'max_depth': 6, 'min_child_samples': 20, 'reg_alpha': 0.0003654527622344162, 'reg_lambda': 1.874585330261851e-08}",129.14522569903565,129.14522569903568,129.14522569903568,314.0,0.05747108879376851,22.0,6.0,20.0,0.0003654527622344162,1.874585330261851e-08
"['group_a_001', 'group_a_002', 'group_a_003', 'group_b_001', 'group_b_002', 'group_b_003']",[1 2 3],"{'n_estimators': 351, 'learning_rate': 0.050760352917321394, 'num_leaves': 25, 'max_depth': 6, 'min_child_samples': 19, 'reg_alpha': 2.8351406095776e-05, 'reg_lambda': 2.1192988135347252e-08}",129.14923051630623,129.14923051630626,129.14923051630626,351.0,0.050760352917321394,25.0,6.0,19.0,2.8351406095776e-05,2.1192988135347252e-08
"['group_a_001', 'group_a_002', 'group_a_003', 'group_b_001', 'group_b_002', 'group_b_003']",[1 2 3],"{'n_estimators': 307, 'learning_rate': 0.07836821813568692, 'num_leaves': 17, 'max_depth': 5, 'min_child_samples': 20, 'reg_alpha': 3.066973001285568e-05, 'reg_lambda': 4.259726382679442e-08}",129.1615475640073,129.1615475640073,129.16154756400726,307.0,0.07836821813568692,17.0,5.0,20.0,3.066973001285568e-05,4.259726382679442e-08
"['group_a_001', 'group_a_002', 'group_a_003', 'group_b_001', 'group_b_002', 'group_b_003']",[1 2 3],"{'n_estimators': 312, 'learning_rate': 0.07315751600342191, 'num_leaves': 21, 'max_depth': 5, 'min_child_samples': 18, 'reg_alpha': 2.9721216062049232e-05, 'reg_lambda': 1.8971519236714714e-08}",129.21922429501703,129.21922429501706,129.21922429501706,312.0,0.07315751600342191,21.0,5.0,18.0,2.9721216062049232e-05,1.8971519236714714e-08
"['group_a_001', 'group_a_002', 'group_a_003', 'group_b_001', 'group_b_002', 'group_b_003']",[1 2 3],"{'n_estimators': 311, 'learning_rate': 0.06967890649270347, 'num_leaves': 15, 'max_depth': 5, 'min_child_samples': 33, 'reg_alpha': 1.7150393696867287e-07, 'reg_lambda': 4.8161991983621065e-08}",129.30264285519516,129.30264285519516,129.30264285519516,311.0,0.06967890649270347,15.0,5.0,33.0,1.7150393696867287e-07,4.8161991983621065e-08
"['group_a_001', 'group_a_002', 'group_a_003', 'group_b_001', 'group_b_002', 'group_b_003']",[1 2 3],"{'n_estimators': 330, 'learning_rate': 0.061510484609786885, 'num_leaves': 17, 'max_depth': 6, 'min_child_samples': 18, 'reg_alpha': 1.5043844872838055e-06, 'reg_lambda': 5.1600557872833334e-08}",129.3501134000338,129.3501134000338,129.3501134000338,330.0,0.061510484609786885,17.0,6.0,18.0,1.5043844872838055e-06,5.1600557872833334e-08
"['group_a_001', 'group_a_002', 'group_a_003', 'group_b_001', 'group_b_002', 'group_b_003']",[1 2 3],"{'n_estimators': 321, 'learning_rate': 0.07007790146642828, 'num_leaves': 15, 'max_depth': 6, 'min_child_samples': 16, 'reg_alpha': 1.8396099216321233e-05, 'reg_lambda': 3.0516539283710823e-08}",129.45555318686573,129.45555318686576,129.45555318686573,321.0,0.07007790146642828,15.0,6.0,16.0,1.8396099216321233e-05,3.0516539283710823e-08
"['group_a_001', 'group_a_002', 'group_a_003', 'group_b_001', 'group_b_002', 'group_b_003']",[1 2 3],"{'n_estimators': 332, 'learning_rate': 0.06367662928845981, 'num_leaves': 17, 'max_depth': 5, 'min_child_samples': 46, 'reg_alpha': 1.193136298076253e-05, 'reg_lambda': 1.8160362529827908e-08}",129.51583442723714,129.51583442723714,129.51583442723717,332.0,0.06367662928845981,17.0,5.0,46.0,1.193136298076253e-05,1.8160362529827908e-08
"['group_a_001', 'group_a_002', 'group_a_003', 'group_b_001', 'group_b_002', 'group_b_003']",[1 2 3],"{'n_estimators': 292, 'learning_rate': 0.05911328312913447, 'num_leaves': 18, 'max_depth': 6, 'min_child_samples': 23, 'reg_alpha': 0.0001025256355813727, 'reg_lambda': 8.288402315642505e-08}",129.57940086692523,129.5794008669252,129.5794008669252,292.0,0.05911328312913447,18.0,6.0,23.0,0.0001025256355813727,8.288402315642505e-08
"['group_a_001', 'group_a_002', 'group_a_003', 'group_b_001', 'group_b_002', 'group_b_003']",[1 2 3],"{'n_estimators': 326, 'learning_rate': 0.056744407318099245, 'num_leaves': 23, 'max_depth': 5, 'min_child_samples': 20, 'reg_alpha': 4.8859882275223414e-05, 'reg_lambda': 9.890306344997601e-08}",129.58748183166293,129.58748183166293,129.58748183166293,326.0,0.056744407318099245,23.0,5.0,20.0,4.8859882275223414e-05,9.890306344997601e-08
"['group_a_001', 'group_a_002', 'group_a_003', 'group_b_001', 'group_b_002', 'group_b_003']",[1 2 3],"{'n_estimators': 314, 'learning_rate': 0.0814684414892832, 'num_leaves': 21, 'max_depth': 5, 'min_child_samples': 19, 'reg_alpha': 2.4225551850133166e-05, 'reg_lambda': 5.797309819267633e-08}",129.7379163940209,129.7379163940209,129.7379163940209,314.0,0.0814684414892832,21.0,5.0,19.0,2.4225551850133166e-05,5.797309819267633e-08
"['group_a_001', 'group_a_002', 'group_a_003', 'group_b_001', 'group_b_002', 'group_b_003']",[1 2 3],"{'n_estimators': 326, 'learning_rate': 0.07800752046568457, 'num_leaves': 15, 'max_depth': 5, 'min_child_samples': 18, 'reg_alpha': 1.3354613378665269e-05, 'reg_lambda': 1.5556460932382235e-08}",129.85646393969776,129.85646393969776,129.85646393969776,326.0,0.07800752046568457,15.0,5.0,18.0,1.3354613378665269e-05,1.5556460932382235e-08
"['group_a_001', 'group_a_002', 'group_a_003', 'group_b_001', 'group_b_002', 'group_b_003']",[1 2 3],"{'n_estimators': 318, 'learning_rate': 0.047210766383413386, 'num_leaves': 22, 'max_depth': 5, 'min_child_samples': 31, 'reg_alpha': 6.801152303449973e-05, 'reg_lambda': 0.004274772616750751}",129.89726793042044,129.8972679304204,129.8972679304204,318.0,0.047210766383413386,22.0,5.0,31.0,6.801152303449973e-05,0.004274772616750751
"['group_a_001', 'group_a_002', 'group_a_003', 'group_b_001', 'group_b_002', 'group_b_003']",[1 2 3],"{'n_estimators': 312, 'learning_rate': 0.05677235679025074, 'num_leaves': 21, 'max_depth': 6, 'min_child_samples': 21, 'reg_alpha': 0.0009125828030601693, 'reg_lambda': 0.0010309551313822446}",129.91741630649918,129.91741630649918,129.91741630649918,312.0,0.05677235679025074,21.0,6.0,21.0,0.0009125828030601693,0.0010309551313822446
"['group_a_001', 'group_a_002', 'group_a_003', 'group_b_001', 'group_b_002', 'group_b_003']",[1 2 3],"{'n_estimators': 249, 'learning_rate': 0.04828661719492151, 'num_leaves': 15, 'max_depth': 6, 'min_child_samples': 20, 'reg_alpha': 0.00025441903611435747, 'reg_lambda': 1.649424059170995e-08}",129.94110532264733,129.94110532264736,129.94110532264736,249.0,0.04828661719492151,15.0,6.0,20.0,0.00025441903611435747,1.649424059170995e-08
"['group_a_001', 'group_a_002', 'group_a_003', 'group_b_001', 'group_b_002', 'group_b_003']",[1 2 3],"{'n_estimators': 342, 'learning_rate': 0.06724519644634594, 'num_leaves': 23, 'max_depth': 6, 'min_child_samples': 15, 'reg_alpha': 2.538721030154297e-05, 'reg_lambda': 1.1627299537025189e-07}",129.98589874756578,129.98589874756578,129.98589874756578,342.0,0.06724519644634594,23.0,6.0,15.0,2.538721030154297e-05,1.1627299537025189e-07
"['group_a_001', 'group_a_002', 'group_a_003', 'group_b_001', 'group_b_002', 'group_b_003']",[1 2 3],"{'n_estimators': 345, 'learning_rate': 0.0532967257263592, 'num_leaves': 15, 'max_depth': 6, 'min_child_samples': 25, 'reg_alpha': 6.300493830180773e-06, 'reg_lambda': 0.0007122813545270199}",130.01812352956352,130.0181235295635,130.01812352956352,345.0,0.0532967257263592,15.0,6.0,25.0,6.300493830180773e-06,0.0007122813545270199
"['group_a_001', 'group_a_002', 'group_a_003', 'group_b_001', 'group_b_002', 'group_b_003']",[1 2 3],"{'n_estimators': 278, 'learning_rate': 0.05752989492729246, 'num_leaves': 22, 'max_depth': 6, 'min_child_samples': 20, 'reg_alpha': 0.0007034239250307072, 'reg_lambda': 3.676950047565273e-08}",130.01927309018546,130.0192730901855,130.0192730901855,278.0,0.05752989492729246,22.0,6.0,20.0,0.0007034239250307072,3.676950047565273e-08
"['group_a_001', 'group_a_002', 'group_a_003', 'group_b_001', 'group_b_002', 'group_b_003']",[1 2 3],"{'n_estimators': 350, 'learning_rate': 0.04198998169845053, 'num_leaves': 29, 'max_depth': 6, 'min_child_samples': 33, 'reg_alpha': 3.298847922098133e-06, 'reg_lambda': 0.019305051021918204}",130.09741169371185,130.09741169371185,130.09741169371182,350.0,0.04198998169845053,29.0,6.0,33.0,3.298847922098133e-06,0.019305051021918204
"['group_a_001', 'group_a_002', 'group_a_003', 'group_b_001', 'group_b_002', 'group_b_003']",[1 2 3],"{'n_estimators': 312, 'learning_rate': 0.07445992191496639, 'num_leaves': 19, 'max_depth': 6, 'min_child_samples': 14, 'reg_alpha': 4.044942192625106e-06, 'reg_lambda': 6.584658950185588e-08}",130.10282374151242,130.10282374151242,130.10282374151242,312.0,0.07445992191496639,19.0,6.0,14.0,4.044942192625106e-06,6.584658950185588e-08
"['group_a_001', 'group_a_002', 'group_a_003', 'group_b_001', 'group_b_002', 'group_b_003']",[1 2 3],"{'n_estimators': 331, 'learning_rate': 0.04638641271185573, 'num_leaves': 18, 'max_depth': 6, 'min_child_samples': 17, 'reg_alpha': 5.954701366762468e-05, 'reg_lambda': 3.3777258713672407e-06}",130.12176600323167,130.1217660032317,130.1217660032317,331.0,0.04638641271185573,18.0,6.0,17.0,5.954701366762468e-05,3.3777258713672407e-06
"['group_a_001', 'group_a_002', 'group_a_003', 'group_b_001', 'group_b_002', 'group_b_003']",[1 2 3],"{'n_estimators': 310, 'learning_rate': 0.07852266409672692, 'num_leaves': 23, 'max_depth': 8, 'min_child_samples': 18, 'reg_alpha': 1.2222296258693146e-07, 'reg_lambda': 4.1958814692137414e-08}",130.1543871376601,130.1543871376601,130.1543871376601,310.0,0.07852266409672692,23.0,8.0,18.0,1.2222296258693146e-07,4.1958814692137414e-08
"['group_a_001', 'group_a_002', 'group_a_003', 'group_b_001', 'group_b_002', 'group_b_003']",[1 2 3],"{'n_estimators': 324, 'learning_rate': 0.06151096301084748, 'num_leaves': 15, 'max_depth': 5, 'min_child_samples': 16, 'reg_alpha': 1.7287877521661424e-05, 'reg_lambda': 2.831801955204687e-08}",130.17635726668124,130.17635726668126,130.17635726668124,324.0,0.06151096301084748,15.0,5.0,16.0,1.7287877521661424e-05,2.831801955204687e-08
"['group_a_001', 'group_a_002', 'group_a_003', 'group_b_001', 'group_b_002', 'group_b_003']",[1 2 3],"{'n_estimators': 336, 'learning_rate': 0.06250032811002121, 'num_leaves': 17, 'max_depth': 5, 'min_child_samples': 42, 'reg_alpha': 7.27757444751013e-06, 'reg_lambda': 6.61666903895391e-08}",130.34483033234156,130.34483033234153,130.34483033234153,336.0,0.06250032811002121,17.0,5.0,42.0,7.27757444751013e-06,6.61666903895391e-08
"['group_a_001', 'group_a_002', 'group_a_003', 'group_b_001', 'group_b_002', 'group_b_003']",[1 2 3],"{'n_estimators': 317, 'learning_rate': 0.04959048734774439, 'num_leaves': 21, 'max_depth': 6, 'min_child_samples': 21, 'reg_alpha': 0.00012740011257382562, 'reg_lambda': 0.0033565007613285862}",130.3773419044534,130.3773419044534,130.3773419044534,317.0,0.04959048734774439,21.0,6.0,21.0,0.00012740011257382562,0.0033565007613285862
"['group_a_001', 'group_a_002', 'group_a_003', 'group_b_001', 'group_b_002', 'group_b_003']",[1 2 3],"{'n_estimators': 309, 'learning_rate': 0.07291317139894052, 'num_leaves': 19, 'max_depth': 6, 'min_child_samples': 20, 'reg_alpha': 1.7225588251768853e-06, 'reg_lambda': 5.8019077070901865e-08}",130.42677474617435,130.42677474617435,130.42677474617435,309.0,0.07291317139894052,19.0,6.0,20.0,1.7225588251768853e-06,5.8019077070901865e-08
"['group_a_001', 'group_a_002', 'group_a_003', 'group_b_001', 'group_b_002', 'group_b_003']",[1 2 3],"{'n_estimators': 246, 'learning_rate': 0.05053089286087826, 'num_leaves': 15, 'max_depth': 7, 'min_child_samples': 16, 'reg_alpha': 6.277984442430558e-06, 'reg_lambda': 0.0013210754592923135}",130.45095435811467,130.45095435811467,130.45095435811467,246.0,0.05053089286087826,15.0,7.0,16.0,6.277984442430558e-06,0.0013210754592923135
"['group_a_001', 'group_a_002', 'group_a_003', 'group_b_001', 'group_b_002', 'group_b_003']",[1 2 3],"{'n_estimators': 409, 'learning_rate': 0.06762723832073983, 'num_leaves': 15, 'max_depth': 5, 'min_child_samples': 33, 'reg_alpha': 6.585783392507159, 'reg_lambda': 2.9107249846852662e-08}",130.4782926512481,130.47829265124807,130.47829265124807,409.0,0.06762723832073983,15.0,5.0,33.0,6.585783392507159,2.9107249846852662e-08
"['group_a_001', 'group_a_002', 'group_a_003', 'group_b_001', 'group_b_002', 'group_b_003']",[1 2 3],"{'n_estimators': 467, 'learning_rate': 0.09466134986996115, 'num_leaves': 34, 'max_depth': 3, 'min_child_samples': 34, 'reg_alpha': 7.698901786129905e-07, 'reg_lambda': 5.132496131378855e-08}",130.4980996273021,130.4980996273021,130.4980996273021,467.0,0.09466134986996115,34.0,3.0,34.0,7.698901786129905e-07,5.132496131378855e-08
"['group_a_001', 'group_a_002', 'group_a_003', 'group_b_001', 'group_b_002', 'group_b_003']",[1 2 3],"{'n_estimators': 452, 'learning_rate': 0.03314262382875345, 'num_leaves': 30, 'max_depth': 6, 'min_child_samples': 27, 'reg_alpha': 2.4419373794863705e-05, 'reg_lambda': 0.0010647948969027268}",130.544098735758,130.544098735758,130.544098735758,452.0,0.03314262382875345,30.0,6.0,27.0,2.4419373794863705e-05,0.0010647948969027268
"['group_a_001', 'group_a_002', 'group_a_003', 'group_b_001', 'group_b_002', 'group_b_003']",[1 2 3],"{'n_estimators': 342, 'learning_rate': 0.054055976423748084, 'num_leaves': 20, 'max_depth': 5, 'min_child_samples': 15, 'reg_alpha': 4.8561417618880236e-06, 'reg_lambda': 2.4287512524973354e-07}",130.5798722474665,130.57987224746654,130.57987224746654,342.0,0.054055976423748084,20.0,5.0,15.0,4.8561417618880236e-06,2.4287512524973354e-07
"['group_a_001', 'group_a_002', 'group_a_003', 'group_b_001', 'group_b_002', 'group_b_003']",[1 2 3],"{'n_estimators': 338, 'learning_rate': 0.051615222264912615, 'num_leaves': 28, 'max_depth': 6, 'min_child_samples': 18, 'reg_alpha': 0.000629570580098142, 'reg_lambda': 2.379947398454786e-08}",130.74517653312856,130.74517653312856,130.74517653312856,338.0,0.051615222264912615,28.0,6.0,18.0,0.000629570580098142,2.379947398454786e-08
"['group_a_001', 'group_a_002', 'group_a_003', 'group_b_001', 'group_b_002', 'group_b_003']",[1 2 3],"{'n_estimators': 297, 'learning_rate': 0.057225708670916794, 'num_leaves': 15, 'max_depth': 6, 'min_child_samples': 12, 'reg_alpha': 2.121490512865724e-08, 'reg_lambda': 2.2259104900918964e-08}",130.797491784327,130.79749178432704,130.797491784327,297.0,0.057225708670916794,15.0,6.0,12.0,2.121490512865724e-08,2.2259104900918964e-08
"['group_a_001', 'group_a_002', 'group_a_003', 'group_b_001', 'group_b_002', 'group_b_003']",[1 2 3],"{'n_estimators': 294, 'learning_rate': 0.05741133589217159, 'num_leaves': 20, 'max_depth': 7, 'min_child_samples': 24, 'reg_alpha': 0.00010039438367067394, 'reg_lambda': 4.964510932167457e-06}",130.7992024143841,130.7992024143841,130.7992024143841,294.0,0.05741133589217159,20.0,7.0,24.0,0.00010039438367067394,4.964510932167457e-06
"['group_a_001', 'group_a_002', 'group_a_003', 'group_b_001', 'group_b_002', 'group_b_003']",[1 2 3],"{'n_estimators': 287, 'learning_rate': 0.039241896794645986, 'num_leaves': 26, 'max_depth': 7, 'min_child_samples': 29, 'reg_alpha': 0.00039680214083241835, 'reg_lambda': 0.00018519120308675}",130.82921965611163,130.82921965611163,130.82921965611163,287.0,0.039241896794645986,26.0,7.0,29.0,0.00039680214083241835,0.00018519120308675
"['group_a_001', 'group_a_002', 'group_a_003', 'group_b_001', 'group_b_002', 'group_b_003']",[1 2 3],"{'n_estimators': 329, 'learning_rate': 0.06333233931484057, 'num_leaves': 20, 'max_depth': 6, 'min_child_samples': 19, 'reg_alpha': 6.826524681396397e-05, 'reg_lambda': 0.0007904182262282784}",130.83876836985775,130.83876836985775,130.83876836985777,329.0,0.06333233931484057,20.0,6.0,19.0,6.826524681396397e-05,0.0007904182262282784
"['group_a_001', 'group_a_002', 'group_a_003', 'group_b_001', 'group_b_002', 'group_b_003']",[1 2 3],"{'n_estimators': 314, 'learning_rate': 0.06954501076020192, 'num_leaves': 15, 'max_depth': 6, 'min_child_samples': 17, 'reg_alpha': 2.1419560042182096e-05, 'reg_lambda': 3.9662380375957714e-08}",130.91552564740462,130.91552564740462,130.91552564740462,314.0,0.06954501076020192,15.0,6.0,17.0,2.1419560042182096e-05,3.9662380375957714e-08
"['group_a_001', 'group_a_002', 'group_a_003', 'group_b_001', 'group_b_002', 'group_b_003']",[1 2 3],"{'n_estimators': 280, 'learning_rate': 0.048621447973056266, 'num_leaves': 27, 'max_depth': 8, 'min_child_samples': 18, 'reg_alpha': 0.0001630898570655859, 'reg_lambda': 0.00033175385954355055}",130.95591965738518,130.95591965738518,130.95591965738518,280.0,0.048621447973056266,27.0,8.0,18.0,0.0001630898570655859,0.00033175385954355055
"['group_a_001', 'group_a_002', 'group_a_003', 'group_b_001', 'group_b_002', 'group_b_003']",[1 2 3],"{'n_estimators': 322, 'learning_rate': 0.0706849309884327, 'num_leaves': 18, 'max_depth': 6, 'min_child_samples': 21, 'reg_alpha': 2.4956165173821153e-05, 'reg_lambda': 1.3416945800758483e-08}",130.98169735005163,130.98169735005163,130.98169735005163,322.0,0.0706849309884327,18.0,6.0,21.0,2.4956165173821153e-05,1.3416945800758483e-08
"['group_a_001', 'group_a_002', 'group_a_003', 'group_b_001', 'group_b_002', 'group_b_003']",[1 2 3],"{'n_estimators': 305, 'learning_rate': 0.0698507893334776, 'num_leaves': 21, 'max_depth': 6, 'min_child_samples': 16, 'reg_alpha': 5.412788769264462e-07, 'reg_lambda': 3.3238224138433104e-08}",131.02537976551685,131.02537976551685,131.02537976551685,305.0,0.0698507893334776,21.0,6.0,16.0,5.412788769264462e-07,3.3238224138433104e-08
"['group_a_001', 'group_a_002', 'group_a_003', 'group_b_001', 'group_b_002', 'group_b_003']",[1 2 3],"{'n_estimators': 328, 'learning_rate': 0.07527160051593616, 'num_leaves': 26, 'max_depth': 5, 'min_child_samples': 19, 'reg_alpha': 5.5104776367624106e-05, 'reg_lambda': 8.452504651204094e-08}",131.02892225716255,131.02892225716255,131.02892225716255,328.0,0.07527160051593616,26.0,5.0,19.0,5.5104776367624106e-05,8.452504651204094e-08
"['group_a_001', 'group_a_002', 'group_a_003', 'group_b_001', 'group_b_002', 'group_b_003']",[1 2 3],"{'n_estimators': 312, 'learning_rate': 0.06280147199289392, 'num_leaves': 15, 'max_depth': 5, 'min_child_samples': 20, 'reg_alpha': 1.8005969715566327e-05, 'reg_lambda': 0.000579154791591786}",131.10564687130505,131.10564687130505,131.10564687130505,312.0,0.06280147199289392,15.0,5.0,20.0,1.8005969715566327e-05,0.000579154791591786
"['group_a_001', 'group_a_002', 'group_a_003', 'group_b_001', 'group_b_002', 'group_b_003']",[1 2 3],"{'n_estimators': 326, 'learning_rate': 0.07422342290754438, 'num_leaves': 15, 'max_depth': 6, 'min_child_samples': 16, 'reg_alpha': 1.8348781900498376e-05, 'reg_lambda': 3.135469778100935e-08}",131.13310013125744,131.13310013125744,131.13310013125746,326.0,0.07422342290754438,15.0,6.0,16.0,1.8348781900498376e-05,3.135469778100935e-08
"['group_a_001', 'group_a_002', 'group_a_003', 'group_b_001', 'group_b_002', 'group_b_003']",[1 2 3],"{'n_estimators': 359, 'learning_rate': 0.04141001580596591, 'num_leaves': 16, 'max_depth': 6, 'min_child_samples': 31, 'reg_alpha': 1.1466453303125288e-05, 'reg_lambda': 0.001936339937444836}",131.20449654607378,131.20449654607378,131.20449654607378,359.0,0.04141001580596591,16.0,6.0,31.0,1.1466453303125288e-05,0.001936339937444836
"['group_a_001', 'group_a_002', 'group_a_003', 'group_b_001', 'group_b_002', 'group_b_003']",[1 2 3],"{'n_estimators': 358, 'learning_rate': 0.052875709084514, 'num_leaves': 15, 'max_depth': 6, 'min_child_samples': 24, 'reg_alpha': 6.32312388400673e-06, 'reg_lambda': 0.001287846714232835}",131.20746076483138,131.2074607648314,131.20746076483138,358.0,0.052875709084514,15.0,6.0,24.0,6.32312388400673e-06,0.001287846714232835
"['group_a_001', 'group_a_002', 'group_a_003', 'group_b_001', 'group_b_002', 'group_b_003']",[1 2 3],"{'n_estimators': 292, 'learning_rate': 0.07623046926778591, 'num_leaves': 27, 'max_depth': 9, 'min_child_samples': 18, 'reg_alpha': 3.84692911327635e-05, 'reg_lambda': 2.7703679811248655e-08}",131.38970225156274,131.38970225156277,131.38970225156277,292.0,0.07623046926778591,27.0,9.0,18.0,3.84692911327635e-05,2.7703679811248655e-08
"['group_a_001', 'group_a_002', 'group_a_003', 'group_b_001', 'group_b_002', 'group_b_003']",[1 2 3],"{'n_estimators': 288, 'learning_rate': 0.06680553735676935, 'num_leaves': 19, 'max_depth': 8, 'min_child_samples': 21, 'reg_alpha': 1.0885336085365574e-05, 'reg_lambda': 4.28707875420064e-08}",131.45025212983327,131.45025212983333,131.4502521298333,288.0,0.06680553735676935,19.0,8.0,21.0,1.0885336085365574e-05,4.28707875420064e-08
"['group_a_001', 'group_a_002', 'group_a_003', 'group_b_001', 'group_b_002', 'group_b_003']",[1 2 3],"{'n_estimators': 321, 'learning_rate': 0.09952509392856716, 'num_leaves': 19, 'max_depth': 6, 'min_child_samples': 19, 'reg_alpha': 5.2739683150588234e-05, 'reg_lambda': 3.134524921460845e-08}",131.5335188008621,131.53351880086208,131.5335188008621,321.0,0.09952509392856716,19.0,6.0,19.0,5.2739683150588234e-05,3.134524921460845e-08
"['group_a_001', 'group_a_002', 'group_a_003', 'group_b_001', 'group_b_002', 'group_b_003']",[1 2 3],"{'n_estimators': 309, 'learning_rate': 0.07296285525539455, 'num_leaves': 19, 'max_depth': 6, 'min_child_samples': 20, 'reg_alpha': 3.066686741390011e-06, 'reg_lambda': 9.855110360624613e-08}",131.5601042397277,131.5601042397277,131.5601042397277,309.0,0.07296285525539455,19.0,6.0,20.0,3.066686741390011e-06,9.855110360624613e-08
"['group_a_001', 'group_a_002', 'group_a_003', 'group_b_001', 'group_b_002', 'group_b_003']",[1 2 3],"{'n_estimators': 330, 'learning_rate': 0.0665307305424698, 'num_leaves': 22, 'max_depth': 7, 'min_child_samples': 15, 'reg_alpha': 0.00037462344836803875, 'reg_lambda': 0.0004118908626821399}",131.60620090173822,131.60620090173822,131.60620090173822,330.0,0.0665307305424698,22.0,7.0,15.0,0.00037462344836803875,0.0004118908626821399
"['group_a_001', 'group_a_002', 'group_a_003', 'group_b_001', 'group_b_002', 'group_b_003']",[1 2 3],"{'n_estimators': 324, 'learning_rate': 0.06894281443909377, 'num_leaves': 22, 'max_depth': 5, 'min_child_samples': 25, 'reg_alpha': 0.001016173565311312, 'reg_lambda': 7.196686521350012e-07}",131.64298088669912,131.64298088669915,131.64298088669915,324.0,0.06894281443909377,22.0,5.0,25.0,0.001016173565311312,7.196686521350012e-07
"['group_a_001', 'group_a_002', 'group_a_003', 'group_b_001', 'group_b_002', 'group_b_003']",[1 2 3],"{'n_estimators': 329, 'learning_rate': 0.060414456410784245, 'num_leaves': 17, 'max_depth': 6, 'min_child_samples': 18, 'reg_alpha': 1.6280592777033695e-06, 'reg_lambda': 6.180510631481412e-08}",131.6704908266721,131.67049082667214,131.67049082667214,329.0,0.060414456410784245,17.0,6.0,18.0,1.6280592777033695e-06,6.180510631481412e-08
"['group_a_001', 'group_a_002', 'group_a_003', 'group_b_001', 'group_b_002', 'group_b_003']",[1 2 3],"{'n_estimators': 304, 'learning_rate': 0.05325180179042244, 'num_leaves': 22, 'max_depth': 7, 'min_child_samples': 17, 'reg_alpha': 0.0004862025317390986, 'reg_lambda': 0.0005339151293089992}",131.77890849567575,131.77890849567575,131.77890849567575,304.0,0.05325180179042244,22.0,7.0,17.0,0.0004862025317390986,0.0005339151293089992
"['group_a_001', 'group_a_002', 'group_a_003', 'group_b_001', 'group_b_002', 'group_b_003']",[1 2 3],"{'n_estimators': 355, 'learning_rate': 0.045971621301653935, 'num_leaves': 20, 'max_depth': 6, 'min_child_samples': 19, 'reg_alpha': 4.9512474072907574e-05, 'reg_lambda': 0.0009265530187905387}",131.77976034057062,131.7797603405706,131.7797603405706,355.0,0.045971621301653935,20.0,6.0,19.0,4.9512474072907574e-05,0.0009265530187905387
"['group_a_001', 'group_a_002', 'group_a_003', 'group_b_001', 'group_b_002', 'group_b_003']",[1 2 3],"{'n_estimators': 469, 'learning_rate': 0.05215686062067331, 'num_leaves': 25, 'max_depth': 6, 'min_child_samples': 34, 'reg_alpha': 1.5411253603677697, 'reg_lambda': 1.1085353446377895e-07}",131.79979601699787,131.79979601699785,131.79979601699787,469.0,0.05215686062067331,25.0,6.0,34.0,1.5411253603677697,1.1085353446377895e-07
"['group_a_001', 'group_a_002', 'group_a_003', 'group_b_001', 'group_b_002', 'group_b_003']",[1 2 3],"{'n_estimators': 329, 'learning_rate': 0.052197333402579815, 'num_leaves': 15, 'max_depth': 6, 'min_child_samples': 20, 'reg_alpha': 0.00015751629676235773, 'reg_lambda': 1.2118350471930894e-07}",131.81308269299566,131.81308269299566,131.81308269299566,329.0,0.052197333402579815,15.0,6.0,20.0,0.00015751629676235773,1.2118350471930894e-07
"['group_a_001', 'group_a_002', 'group_a_003', 'group_b_001', 'group_b_002', 'group_b_003']",[1 2 3],"{'n_estimators': 222, 'learning_rate': 0.04303321004815093, 'num_leaves': 18, 'max_depth': 6, 'min_child_samples': 19, 'reg_alpha': 0.00022915974468138542, 'reg_lambda': 0.002364743454644427}",131.81937010496182,131.81937010496182,131.81937010496182,222.0,0.04303321004815093,18.0,6.0,19.0,0.00022915974468138542,0.002364743454644427
"['group_a_001', 'group_a_002', 'group_a_003', 'group_b_001', 'group_b_002', 'group_b_003']",[1 2 3],"{'n_estimators': 309, 'learning_rate': 0.07268972598838332, 'num_leaves': 19, 'max_depth': 6, 'min_child_samples': 18, 'reg_alpha': 1.906595371244787e-05, 'reg_lambda': 1.6155315940012617e-08}",131.83334759230618,131.83334759230615,131.83334759230618,309.0,0.07268972598838332,19.0,6.0,18.0,1.906595371244787e-05,1.6155315940012617e-08
"['group_a_001', 'group_a_002', 'group_a_003', 'group_b_001', 'group_b_002', 'group_b_003']",[1 2 3],"{'n_estimators': 372, 'learning_rate': 0.06040958491103391, 'num_leaves': 15, 'max_depth': 6, 'min_child_samples': 29, 'reg_alpha': 5.914086742294e-06, 'reg_lambda': 0.00293020351787741}",131.84140526023205,131.84140526023205,131.84140526023205,372.0,0.06040958491103391,15.0,6.0,29.0,5.914086742294e-06,0.00293020351787741
"['group_a_001', 'group_a_002', 'group_a_003', 'group_b_001', 'group_b_002', 'group_b_003']",[1 2 3],"{'n_estimators': 333, 'learning_rate': 0.07336700922612462, 'num_leaves': 26, 'max_depth': 5, 'min_child_samples': 14, 'reg_alpha': 5.083980239523191e-05, 'reg_lambda': 5.985205441240156e-08}",131.8640361125576,131.8640361125576,131.8640361125576,333.0,0.07336700922612462,26.0,5.0,14.0,5.083980239523191e-05,5.985205441240156e-08
"['group_a_001', 'group_a_002', 'group_a_003', 'group_b_001', 'group_b_002', 'group_b_003']",[1 2 3],"{'n_estimators': 363, 'learning_rate': 0.07041078282128171, 'num_leaves': 18, 'max_depth': 5, 'min_child_samples': 18, 'reg_alpha': 1.1802414951960493e-05, 'reg_lambda': 1.6126064815492576e-07}",131.8895691236654,131.8895691236654,131.8895691236654,363.0,0.07041078282128171,18.0,5.0,18.0,1.1802414951960493e-05,1.6126064815492576e-07
"['group_a_001', 'group_a_002', 'group_a_003', 'group_b_001', 'group_b_002', 'group_b_003']",[1 2 3],"{'n_estimators': 407, 'learning_rate': 0.05544710626635096, 'num_leaves': 22, 'max_depth': 6, 'min_child_samples': 33, 'reg_alpha': 3.190287417792078e-05, 'reg_lambda': 0.00024254327335644646}",131.89801575312617,131.89801575312617,131.89801575312617,407.0,0.05544710626635096,22.0,6.0,33.0,3.190287417792078e-05,0.00024254327335644646
"['group_a_001', 'group_a_002', 'group_a_003', 'group_b_001', 'group_b_002', 'group_b_003']",[1 2 3],"{'n_estimators': 317, 'learning_rate': 0.04836141523645534, 'num_leaves': 15, 'max_depth': 8, 'min_child_samples': 17, 'reg_alpha': 1.6006436007226802e-05, 'reg_lambda': 3.627995886691939e-08}",131.9390718336742,131.93907183367423,131.93907183367423,317.0,0.04836141523645534,15.0,8.0,17.0,1.6006436007226802e-05,3.627995886691939e-08
"['group_a_001', 'group_a_002', 'group_a_003', 'group_b_001', 'group_b_002', 'group_b_003']",[1 2 3],"{'n_estimators': 279, 'learning_rate': 0.05889367941703422, 'num_leaves': 17, 'max_depth': 7, 'min_child_samples': 22, 'reg_alpha': 0.0002668832523387692, 'reg_lambda': 9.027927076881048e-08}",131.95811269133037,131.95811269133037,131.9581126913304,279.0,0.05889367941703422,17.0,7.0,22.0,0.0002668832523387692,9.027927076881048e-08
"['group_a_001', 'group_a_002', 'group_a_003', 'group_b_001', 'group_b_002', 'group_b_003']",[1 2 3],"{'n_estimators': 292, 'learning_rate': 0.05044509246139307, 'num_leaves': 21, 'max_depth': 5, 'min_child_samples': 21, 'reg_alpha': 7.458366649480146e-05, 'reg_lambda': 2.6053014730873532e-08}",132.0098537613922,132.0098537613922,132.0098537613922,292.0,0.05044509246139307,21.0,5.0,21.0,7.458366649480146e-05,2.6053014730873532e-08
"['group_a_001', 'group_a_002', 'group_a_003', 'group_b_001', 'group_b_002', 'group_b_003']",[1 2 3],"{'n_estimators': 285, 'learning_rate': 0.07393462422600933, 'num_leaves': 24, 'max_depth': 6, 'min_child_samples': 27, 'reg_alpha': 3.2075743112885544e-05, 'reg_lambda': 3.1983483361920325e-08}",132.0331081739462,132.0331081739462,132.0331081739462,285.0,0.07393462422600933,24.0,6.0,27.0,3.2075743112885544e-05,3.1983483361920325e-08
"['group_a_001', 'group_a_002', 'group_a_003', 'group_b_001', 'group_b_002', 'group_b_003']",[1 2 3],"{'n_estimators': 357, 'learning_rate': 0.04014455429496078, 'num_leaves': 15, 'max_depth': 6, 'min_child_samples': 31, 'reg_alpha': 1.205188266566591e-05, 'reg_lambda': 0.0028086403758463435}",132.09815316446574,132.09815316446574,132.09815316446574,357.0,0.04014455429496078,15.0,6.0,31.0,1.205188266566591e-05,0.0028086403758463435
"['group_a_001', 'group_a_002', 'group_a_003', 'group_b_001', 'group_b_002', 'group_b_003']",[1 2 3],"{'n_estimators': 399, 'learning_rate': 0.0427083824579386, 'num_leaves': 18, 'max_depth': 6, 'min_child_samples': 32, 'reg_alpha': 0.0018737756132010859, 'reg_lambda': 0.006943003028829622}",132.17006557621644,132.17006557621647,132.17006557621647,399.0,0.0427083824579386,18.0,6.0,32.0,0.0018737756132010859,0.006943003028829622
"['group_a_001', 'group_a_002', 'group_a_003', 'group_b_001', 'group_b_002', 'group_b_003']",[1 2 3],"{'n_estimators': 421, 'learning_rate': 0.05823680613535844, 'num_leaves': 19, 'max_depth': 7, 'min_child_samples': 21, 'reg_alpha': 0.0002906117727275989, 'reg_lambda': 2.0803315725973086e-05}",132.19043811167012,132.19043811167012,132.19043811167012,421.0,0.05823680613535844,19.0,7.0,21.0,0.0002906117727275989,2.0803315725973086e-05
"['group_a_001', 'group_a_002', 'group_a_003', 'group_b_001', 'group_b_002', 'group_b_003']",[1 2 3],"{'n_estimators': 347, 'learning_rate': 0.04715676394537665, 'num_leaves': 15, 'max_depth': 5, 'min_child_samples': 17, 'reg_alpha': 0.00016061830491536863, 'reg_lambda': 1.7069807402730813e-08}",132.19357689904473,132.19357689904476,132.19357689904473,347.0,0.04715676394537665,15.0,5.0,17.0,0.00016061830491536863,1.7069807402730813e-08
"['group_a_001', 'group_a_002', 'group_a_003', 'group_b_001', 'group_b_002', 'group_b_003']",[1 2 3],"{'n_estimators': 281, 'learning_rate': 0.05462107233046845, 'num_leaves': 20, 'max_depth': 6, 'min_child_samples': 18, 'reg_alpha': 0.001648119391730729, 'reg_lambda': 6.634181754343826e-08}",132.21463256442348,132.2146325644235,132.2146325644235,281.0,0.05462107233046845,20.0,6.0,18.0,0.001648119391730729,6.634181754343826e-08
"['group_a_001', 'group_a_002', 'group_a_003', 'group_b_001', 'group_b_002', 'group_b_003']",[1 2 3],"{'n_estimators': 289, 'learning_rate': 0.04163699519777623, 'num_leaves': 18, 'max_depth': 5, 'min_child_samples': 25, 'reg_alpha': 7.807801120166131e-05, 'reg_lambda': 2.0332238983833888e-07}",132.2386227205994,132.23862272059938,132.23862272059938,289.0,0.04163699519777623,18.0,5.0,25.0,7.807801120166131e-05,2.0332238983833888e-07
"['group_a_001', 'group_a_002', 'group_a_003', 'group_b_001', 'group_b_002', 'group_b_003']",[1 2 3],"{'n_estimators': 413, 'learning_rate': 0.11035696647751334, 'num_leaves': 28, 'max_depth': 3, 'min_child_samples': 36, 'reg_alpha': 1.8342780628395422e-07, 'reg_lambda': 5.100974389672064e-08}",132.26675603636642,132.2667560363664,132.2667560363664,413.0,0.11035696647751334,28.0,3.0,36.0,1.8342780628395422e-07,5.100974389672064e-08
"['group_a_001', 'group_a_002', 'group_a_003', 'group_b_001', 'group_b_002', 'group_b_003']",[1 2 3],"{'n_estimators': 320, 'learning_rate': 0.07178326063596882, 'num_leaves': 17, 'max_depth': 5, 'min_child_samples': 20, 'reg_alpha': 1.3715489426804011e-05, 'reg_lambda': 2.992558172869699e-08}",132.2686807941705,132.2686807941705,132.2686807941705,320.0,0.07178326063596882,17.0,5.0,20.0,1.3715489426804011e-05,2.992558172869699e-08
"['group_a_001', 'group_a_002', 'group_a_003', 'group_b_001', 'group_b_002', 'group_b_003']",[1 2 3],"{'n_estimators': 328, 'learning_rate': 0.08253486986088265, 'num_leaves': 15, 'max_depth': 7, 'min_child_samples': 17, 'reg_alpha': 3.206257390933409e-05, 'reg_lambda': 1.2732318666021633e-07}",132.2871681360108,132.28716813601082,132.2871681360108,328.0,0.08253486986088265,15.0,7.0,17.0,3.206257390933409e-05,1.2732318666021633e-07
"['group_a_001', 'group_a_002', 'group_a_003', 'group_b_001', 'group_b_002', 'group_b_003']",[1 2 3],"{'n_estimators': 327, 'learning_rate': 0.06700790181158216, 'num_leaves': 21, 'max_depth': 5, 'min_child_samples': 19, 'reg_alpha': 5.7800543075203164e-05, 'reg_lambda': 4.0325179729503446e-08}",132.3570895561259,132.3570895561259,132.3570895561259,327.0,0.06700790181158216,21.0,5.0,19.0,5.7800543075203164e-05,4.0325179729503446e-08
"['group_a_001', 'group_a_002', 'group_a_003', 'group_b_001', 'group_b_002', 'group_b_003']",[1 2 3],"{'n_estimators': 304, 'learning_rate': 0.06077867024754613, 'num_leaves': 17, 'max_depth': 11, 'min_child_samples': 18, 'reg_alpha': 1.0006782448878673e-05, 'reg_lambda': 4.4329075426799686e-08}",132.36157688591206,132.36157688591206,132.36157688591206,304.0,0.06077867024754613,17.0,11.0,18.0,1.0006782448878673e-05,4.4329075426799686e-08
"['group_a_001', 'group_a_002', 'group_a_003', 'group_b_001', 'group_b_002', 'group_b_003']",[1 2 3],"{'n_estimators': 254, 'learning_rate': 0.044722194010850015, 'num_leaves': 21, 'max_depth': 5, 'min_child_samples': 31, 'reg_alpha': 4.3841113589907746e-08, 'reg_lambda': 9.32347758580957e-07}",132.39882611131347,132.39882611131347,132.39882611131347,254.0,0.044722194010850015,21.0,5.0,31.0,4.3841113589907746e-08,9.32347758580957e-07
"['group_a_001', 'group_a_002', 'group_a_003', 'group_b_001', 'group_b_002', 'group_b_003']",[1 2 3],"{'n_estimators': 317, 'learning_rate': 0.04777249620237228, 'num_leaves': 24, 'max_depth': 6, 'min_child_samples': 20, 'reg_alpha': 1.756518814079668e-05, 'reg_lambda': 1.3117107970569682e-06}",132.40381736321325,132.40381736321322,132.40381736321325,317.0,0.04777249620237228,24.0,6.0,20.0,1.756518814079668e-05,1.3117107970569682e-06
"['group_a_001', 'group_a_002', 'group_a_003', 'group_b_001', 'group_b_002', 'group_b_003']",[1 2 3],"{'n_estimators': 346, 'learning_rate': 0.0723279697382729, 'num_leaves': 18, 'max_depth': 6, 'min_child_samples': 20, 'reg_alpha': 5.924552433081523e-05, 'reg_lambda': 9.088902245093678e-08}",132.41536470540868,132.41536470540865,132.41536470540865,346.0,0.0723279697382729,18.0,6.0,20.0,5.924552433081523e-05,9.088902245093678e-08
"['group_a_001', 'group_a_002', 'group_a_003', 'group_b_001', 'group_b_002', 'group_b_003']",[1 2 3],"{'n_estimators': 331, 'learning_rate': 0.0637878678244401, 'num_leaves': 17, 'max_depth': 5, 'min_child_samples': 44, 'reg_alpha': 1.1717681025863607e-05, 'reg_lambda': 1.9364496065833856e-08}",132.47289316885687,132.47289316885687,132.47289316885687,331.0,0.0637878678244401,17.0,5.0,44.0,1.1717681025863607e-05,1.9364496065833856e-08
"['group_a_001', 'group_a_002', 'group_a_003', 'group_b_001', 'group_b_002', 'group_b_003']",[1 2 3],"{'n_estimators': 306, 'learning_rate': 0.06521262199622925, 'num_leaves': 25, 'max_depth': 6, 'min_child_samples': 18, 'reg_alpha': 9.96948924871931e-05, 'reg_lambda': 1.1789521212422825e-08}",132.49982495774566,132.49982495774566,132.49982495774566,306.0,0.06521262199622925,25.0,6.0,18.0,9.96948924871931e-05,1.1789521212422825e-08
"['group_a_001', 'group_a_002', 'group_a_003', 'group_b_001', 'group_b_002', 'group_b_003']",[1 2 3],"{'n_estimators': 392, 'learning_rate': 0.021912352183534302, 'num_leaves': 23, 'max_depth': 12, 'min_child_samples': 30, 'reg_alpha': 1.8411082895268392e-05, 'reg_lambda': 1.921578756116804e-07}",132.50656117248414,132.50656117248414,132.50656117248414,392.0,0.021912352183534302,23.0,12.0,30.0,1.8411082895268392e-05,1.921578756116804e-07
"['group_a_001', 'group_a_002', 'group_a_003', 'group_b_001', 'group_b_002', 'group_b_003']",[1 2 3],"{'n_estimators': 293, 'learning_rate': 0.05450926922545904, 'num_leaves': 22, 'max_depth': 8, 'min_child_samples': 18, 'reg_alpha': 0.00012550282848210783, 'reg_lambda': 2.6020627183347407e-07}",132.55505508574055,132.55505508574055,132.55505508574055,293.0,0.05450926922545904,22.0,8.0,18.0,0.00012550282848210783,2.6020627183347407e-07
"['group_a_001', 'group_a_002', 'group_a_003', 'group_b_001', 'group_b_002', 'group_b_003']",[1 2 3],"{'n_estimators': 307, 'learning_rate': 0.08783366868963474, 'num_leaves': 20, 'max_depth': 5, 'min_child_samples': 19, 'reg_alpha': 2.4910859856636326e-05, 'reg_lambda': 5.6933641603217974e-08}",132.57866687562998,132.57866687562998,132.57866687562998,307.0,0.08783366868963474,20.0,5.0,19.0,2.4910859856636326e-05,5.6933641603217974e-08
"['group_a_001', 'group_a_002', 'group_a_003', 'group_b_001', 'group_b_002', 'group_b_003']",[1 2 3],"{'n_estimators': 480, 'learning_rate': 0.038392714489621664, 'num_leaves': 15, 'max_depth': 6, 'min_child_samples': 36, 'reg_alpha': 2.147742643269145e-06, 'reg_lambda': 0.012589299368873604}",132.7761538465637,132.7761538465637,132.7761538465637,480.0,0.038392714489621664,15.0,6.0,36.0,2.147742643269145e-06,0.012589299368873604
"['group_a_001', 'group_a_002', 'group_a_003', 'group_b_001', 'group_b_002', 'group_b_003']",[1 2 3],"{'n_estimators': 325, 'learning_rate': 0.07178551811970652, 'num_leaves': 23, 'max_depth': 5, 'min_child_samples': 23, 'reg_alpha': 1.7521211468419483e-05, 'reg_lambda': 6.06800629301713e-08}",132.79533214132417,132.7953321413242,132.7953321413242,325.0,0.07178551811970652,23.0,5.0,23.0,1.7521211468419483e-05,6.06800629301713e-08
"['group_a_001', 'group_a_002', 'group_a_003', 'group_b_001', 'group_b_002', 'group_b_003']",[1 2 3],"{'n_estimators': 368, 'learning_rate': 0.0509086878472346, 'num_leaves': 18, 'max_depth': 6, 'min_child_samples': 35, 'reg_alpha': 4.736188230321443e-05, 'reg_lambda': 0.0003081682295456263}",132.82569110833415,132.82569110833415,132.82569110833415,368.0,0.0509086878472346,18.0,6.0,35.0,4.736188230321443e-05,0.0003081682295456263
"['group_a_001', 'group_a_002', 'group_a_003', 'group_b_001', 'group_b_002', 'group_b_003']",[1 2 3],"{'n_estimators': 325, 'learning_rate': 0.06261727906542412, 'num_leaves': 19, 'max_depth': 5, 'min_child_samples': 27, 'reg_alpha': 0.00017886048719462438, 'reg_lambda': 0.6729287361243284}",132.83202741237946,132.83202741237946,132.8320274123795,325.0,0.06261727906542412,19.0,5.0,27.0,0.00017886048719462438,0.6729287361243284
"['group_a_001', 'group_a_002', 'group_a_003', 'group_b_001', 'group_b_002', 'group_b_003']",[1 2 3],"{'n_estimators': 330, 'learning_rate': 0.07632053577310306, 'num_leaves': 21, 'max_depth': 6, 'min_child_samples': 22, 'reg_alpha': 1.8140144410086004e-05, 'reg_lambda': 1.6225600459820945e-08}",132.84705569131137,132.84705569131137,132.84705569131134,330.0,0.07632053577310306,21.0,6.0,22.0,1.8140144410086004e-05,1.6225600459820945e-08
"['group_a_001', 'group_a_002', 'group_a_003', 'group_b_001', 'group_b_002', 'group_b_003']",[1 2 3],"{'n_estimators': 261, 'learning_rate': 0.06418178324265092, 'num_leaves': 21, 'max_depth': 7, 'min_child_samples': 16, 'reg_alpha': 0.0004809008873898005, 'reg_lambda': 5.445301832217892e-07}",132.86785171395925,132.86785171395928,132.86785171395928,261.0,0.06418178324265092,21.0,7.0,16.0,0.0004809008873898005,5.445301832217892e-07
"['group_a_001', 'group_a_002', 'group_a_003', 'group_b_001', 'group_b_002', 'group_b_003']",[1 2 3],"{'n_estimators': 292, 'learning_rate': 0.05830371375826171, 'num_leaves': 29, 'max_depth': 7, 'min_child_samples': 19, 'reg_alpha': 0.0002915593070156575, 'reg_lambda': 5.5552195455797034e-05}",132.95027190967602,132.95027190967605,132.95027190967605,292.0,0.05830371375826171,29.0,7.0,19.0,0.0002915593070156575,5.5552195455797034e-05
"['group_a_001', 'group_a_002', 'group_a_003', 'group_b_001', 'group_b_002', 'group_b_003']",[1 2 3],"{'n_estimators': 316, 'learning_rate': 0.17215540629749382, 'num_leaves': 21, 'max_depth': 6, 'min_child_samples': 28, 'reg_alpha': 3.805922318988074e-05, 'reg_lambda': 8.50919144812885e-08}",132.95938692979732,132.95938692979732,132.95938692979732,316.0,0.17215540629749382,21.0,6.0,28.0,3.805922318988074e-05,8.50919144812885e-08
"['group_a_001', 'group_a_002', 'group_a_003', 'group_b_001', 'group_b_002', 'group_b_003']",[1 2 3],"{'n_estimators': 302, 'learning_rate': 0.05956504530797424, 'num_leaves': 19, 'max_depth': 6, 'min_child_samples': 21, 'reg_alpha': 3.118942847093491e-05, 'reg_lambda': 0.0007388249773758322}",132.98126511244726,132.98126511244726,132.98126511244723,302.0,0.05956504530797424,19.0,6.0,21.0,3.118942847093491e-05,0.0007388249773758322
"['group_a_001', 'group_a_002', 'group_a_003', 'group_b_001', 'group_b_002', 'group_b_003']",[1 2 3],"{'n_estimators': 362, 'learning_rate': 0.046125719959241016, 'num_leaves': 27, 'max_depth': 5, 'min_child_samples': 27, 'reg_alpha': 7.196232351405396e-07, 'reg_lambda': 0.009826382824352083}",133.06763616960572,133.06763616960575,133.06763616960575,362.0,0.046125719959241016,27.0,5.0,27.0,7.196232351405396e-07,0.009826382824352083
"['group_a_001', 'group_a_002', 'group_a_003', 'group_b_001', 'group_b_002', 'group_b_003']",[1 2 3],"{'n_estimators': 415, 'learning_rate': 0.0897372880887611, 'num_leaves': 38, 'max_depth': 4, 'min_child_samples': 33, 'reg_alpha': 1.9960899777610361, 'reg_lambda': 1.0340343949032961e-08}",133.07822190354764,133.07822190354767,133.07822190354767,415.0,0.0897372880887611,38.0,4.0,33.0,1.9960899777610361,1.0340343949032961e-08
"['group_a_001', 'group_a_002', 'group_a_003', 'group_b_001', 'group_b_002', 'group_b_003']",[1 2 3],"{'n_estimators': 330, 'learning_rate': 0.09341132629614463, 'num_leaves': 25, 'max_depth': 6, 'min_child_samples': 17, 'reg_alpha': 6.7465313857124686e-06, 'reg_lambda': 6.8782627052926e-08}",133.11970570134696,133.119705701347,133.11970570134696,330.0,0.09341132629614463,25.0,6.0,17.0,6.7465313857124686e-06,6.8782627052926e-08
"['group_a_001', 'group_a_002', 'group_a_003', 'group_b_001', 'group_b_002', 'group_b_003']",[1 2 3],"{'n_estimators': 305, 'learning_rate': 0.04472844648788758, 'num_leaves': 19, 'max_depth': 6, 'min_child_samples': 18, 'reg_alpha': 2.2805098299731425e-05, 'reg_lambda': 4.5729073869329864e-08}",133.12949819171257,133.12949819171257,133.12949819171257,305.0,0.04472844648788758,19.0,6.0,18.0,2.2805098299731425e-05,4.5729073869329864e-08
"['group_a_001', 'group_a_002', 'group_a_003', 'group_b_001', 'group_b_002', 'group_b_003']",[1 2 3],"{'n_estimators': 299, 'learning_rate': 0.05784022331336572, 'num_leaves': 25, 'max_depth': 7, 'min_child_samples': 17, 'reg_alpha': 5.8428856546016774e-08, 'reg_lambda': 5.347034900975366e-08}",133.1355051891185,133.13550518911848,133.13550518911848,299.0,0.05784022331336572,25.0,7.0,17.0,5.8428856546016774e-08,5.347034900975366e-08
"['group_a_001', 'group_a_002', 'group_a_003', 'group_b_001', 'group_b_002', 'group_b_003']",[1 2 3],"{'n_estimators': 276, 'learning_rate': 0.058270343825428186, 'num_leaves': 17, 'max_depth': 6, 'min_child_samples': 21, 'reg_alpha': 0.0027564655030546358, 'reg_lambda': 3.128013449977345e-08}",133.1392113596467,133.1392113596467,133.1392113596467,276.0,0.058270343825428186,17.0,6.0,21.0,0.0027564655030546358,3.128013449977345e-08
"['group_a_001', 'group_a_002', 'group_a_003', 'group_b_001', 'group_b_002', 'group_b_003']",[1 2 3],"{'n_estimators': 291, 'learning_rate': 0.0430396793332806, 'num_leaves': 20, 'max_depth': 7, 'min_child_samples': 21, 'reg_alpha': 0.0002357515220614889, 'reg_lambda': 3.111998586730214e-05}",133.14261945805617,133.1426194580562,133.1426194580562,291.0,0.0430396793332806,20.0,7.0,21.0,0.0002357515220614889,3.111998586730214e-05
"['group_a_001', 'group_a_002', 'group_a_003', 'group_b_001', 'group_b_002', 'group_b_003']",[1 2 3],"{'n_estimators': 465, 'learning_rate': 0.0905711436527753, 'num_leaves': 53, 'max_depth': 5, 'min_child_samples': 46, 'reg_alpha': 1.829716156431414e-07, 'reg_lambda': 1.6076263255450574e-06}",133.17479942790362,133.1747994279036,133.17479942790362,465.0,0.0905711436527753,53.0,5.0,46.0,1.829716156431414e-07,1.6076263255450574e-06
"['group_a_001', 'group_a_002', 'group_a_003', 'group_b_001', 'group_b_002', 'group_b_003']",[1 2 3],"{'n_estimators': 491, 'learning_rate': 0.060678853522290674, 'num_leaves': 26, 'max_depth': 5, 'min_child_samples': 14, 'reg_alpha': 1.084610231827445e-06, 'reg_lambda': 4.002835052342629e-05}",133.2089021093843,133.2089021093843,133.2089021093843,491.0,0.060678853522290674,26.0,5.0,14.0,1.084610231827445e-06,4.002835052342629e-05
"['group_a_001', 'group_a_002', 'group_a_003', 'group_b_001', 'group_b_002', 'group_b_003']",[1 2 3],"{'n_estimators': 335, 'learning_rate': 0.053805802653292954, 'num_leaves': 20, 'max_depth': 6, 'min_child_samples': 29, 'reg_alpha': 4.123601147644172e-06, 'reg_lambda': 1.6205586772405778e-08}",133.2139708517353,133.2139708517353,133.2139708517353,335.0,0.053805802653292954,20.0,6.0,29.0,4.123601147644172e-06,1.6205586772405778e-08
"['group_a_001', 'group_a_002', 'group_a_003', 'group_b_001', 'group_b_002', 'group_b_003']",[1 2 3],"{'n_estimators': 339, 'learning_rate': 0.06454870976422099, 'num_leaves': 15, 'max_depth': 6, 'min_child_samples': 12, 'reg_alpha': 6.359949936602166e-06, 'reg_lambda': 4.492626786827525e-08}",133.23022339941238,133.23022339941238,133.23022339941238,339.0,0.06454870976422099,15.0,6.0,12.0,6.359949936602166e-06,4.492626786827525e-08
"['group_a_001', 'group_a_002', 'group_a_003', 'group_b_001', 'group_b_002', 'group_b_003']",[1 2 3],"{'n_estimators': 325, 'learning_rate': 0.10914712032181993, 'num_leaves': 23, 'max_depth': 6, 'min_child_samples': 18, 'reg_alpha': 3.998102641493573e-05, 'reg_lambda': 7.846769200065877e-08}",133.25758423621136,133.25758423621136,133.25758423621133,325.0,0.10914712032181993,23.0,6.0,18.0,3.998102641493573e-05,7.846769200065877e-08
"['group_a_001', 'group_a_002', 'group_a_003', 'group_b_001', 'group_b_002', 'group_b_003']",[1 2 3],"{'n_estimators': 300, 'learning_rate': 0.045220848633464775, 'num_leaves': 21, 'max_depth': 7, 'min_child_samples': 19, 'reg_alpha': 0.0003036254812476582, 'reg_lambda': 0.0003061126509879818}",133.28275599182993,133.28275599182993,133.28275599182993,300.0,0.045220848633464775,21.0,7.0,19.0,0.0003036254812476582,0.0003061126509879818
"['group_a_001', 'group_a_002', 'group_a_003', 'group_b_001', 'group_b_002', 'group_b_003']",[1 2 3],"{'n_estimators': 322, 'learning_rate': 0.05044695104288862, 'num_leaves': 15, 'max_depth': 6, 'min_child_samples': 50, 'reg_alpha': 2.50756730275115e-05, 'reg_lambda': 1.559708473316187e-08}",133.28994905356845,133.28994905356845,133.28994905356845,322.0,0.05044695104288862,15.0,6.0,50.0,2.50756730275115e-05,1.559708473316187e-08
"['group_a_001', 'group_a_002', 'group_a_003', 'group_b_001', 'group_b_002', 'group_b_003']",[1 2 3],"{'n_estimators': 113, 'learning_rate': 0.15242391728466367, 'num_leaves': 44, 'max_depth': 9, 'min_child_samples': 19, 'reg_alpha': 0.0004793052550782129, 'reg_lambda': 0.0008325158565947976}",133.301606605521,133.30160660552096,133.301606605521,113.0,0.15242391728466367,44.0,9.0,19.0,0.0004793052550782129,0.0008325158565947976
"['group_a_001', 'group_a_002', 'group_a_003', 'group_b_001', 'group_b_002', 'group_b_003']",[1 2 3],"{'n_estimators': 334, 'learning_rate': 0.06923403804138618, 'num_leaves': 17, 'max_depth': 5, 'min_child_samples': 18, 'reg_alpha': 2.752091824344836e-05, 'reg_lambda': 9.58910268815104e-06}",133.30397787802653,133.30397787802653,133.30397787802653,334.0,0.06923403804138618,17.0,5.0,18.0,2.752091824344836e-05,9.58910268815104e-06
"['group_a_001', 'group_a_002', 'group_a_003', 'group_b_001', 'group_b_002', 'group_b_003']",[1 2 3],"{'n_estimators': 318, 'learning_rate': 0.05416619032050046, 'num_leaves': 19, 'max_depth': 5, 'min_child_samples': 8, 'reg_alpha': 2.0809409848874213e-05, 'reg_lambda': 3.9939298969980686e-08}",133.32537881184282,133.32537881184285,133.32537881184285,318.0,0.05416619032050046,19.0,5.0,8.0,2.0809409848874213e-05,3.9939298969980686e-08
"['group_a_001', 'group_a_002', 'group_a_003', 'group_b_001', 'group_b_002', 'group_b_003']",[1 2 3],"{'n_estimators': 318, 'learning_rate': 0.14584456417428673, 'num_leaves': 18, 'max_depth': 5, 'min_child_samples': 19, 'reg_alpha': 8.062518375561028e-05, 'reg_lambda': 5.9311555118583834e-08}",133.3320883445451,133.3320883445451,133.33208834454507,318.0,0.14584456417428673,18.0,5.0,19.0,8.062518375561028e-05,5.9311555118583834e-08
"['group_a_001', 'group_a_002', 'group_a_003', 'group_b_001', 'group_b_002', 'group_b_003']",[1 2 3],"{'n_estimators': 275, 'learning_rate': 0.060264290834155736, 'num_leaves': 22, 'max_depth': 6, 'min_child_samples': 20, 'reg_alpha': 0.0007799241796265781, 'reg_lambda': 3.732671209263698e-08}",133.36876745367383,133.36876745367383,133.36876745367383,275.0,0.060264290834155736,22.0,6.0,20.0,0.0007799241796265781,3.732671209263698e-08
"['group_a_001', 'group_a_002', 'group_a_003', 'group_b_001', 'group_b_002', 'group_b_003']",[1 2 3],"{'n_estimators': 315, 'learning_rate': 0.08164153163963066, 'num_leaves': 21, 'max_depth': 5, 'min_child_samples': 19, 'reg_alpha': 2.4610996025334923e-05, 'reg_lambda': 6.466950594678916e-08}",133.4077529791779,133.40775297917793,133.40775297917793,315.0,0.08164153163963066,21.0,5.0,19.0,2.4610996025334923e-05,6.466950594678916e-08
"['group_a_001', 'group_a_002', 'group_a_003', 'group_b_001', 'group_b_002', 'group_b_003']",[1 2 3],"{'n_estimators': 330, 'learning_rate': 0.05847980366354218, 'num_leaves': 16, 'max_depth': 6, 'min_child_samples': 28, 'reg_alpha': 8.963517675206234e-06, 'reg_lambda': 1.4683092289655836e-08}",133.46398748492373,133.46398748492373,133.4639874849237,330.0,0.05847980366354218,16.0,6.0,28.0,8.963517675206234e-06,1.4683092289655836e-08
"['group_a_001', 'group_a_002', 'group_a_003', 'group_b_001', 'group_b_002', 'group_b_003']",[1 2 3],"{'n_estimators': 456, 'learning_rate': 0.04917210505349134, 'num_leaves': 40, 'max_depth': 5, 'min_child_samples': 27, 'reg_alpha': 0.09010110133621774, 'reg_lambda': 0.007579851627177043}",133.4688665876993,133.46886658769932,133.46886658769932,456.0,0.04917210505349134,40.0,5.0,27.0,0.09010110133621774,0.007579851627177043
"['group_a_001', 'group_a_002', 'group_a_003', 'group_b_001', 'group_b_002', 'group_b_003']",[1 2 3],"{'n_estimators': 310, 'learning_rate': 0.06882019395908678, 'num_leaves': 21, 'max_depth': 6, 'min_child_samples': 18, 'reg_alpha': 1.5647675791350703e-08, 'reg_lambda': 2.9685301613461384e-06}",133.51147727368567,133.51147727368567,133.51147727368567,310.0,0.06882019395908678,21.0,6.0,18.0,1.5647675791350703e-08,2.9685301613461384e-06
"['group_a_001', 'group_a_002', 'group_a_003', 'group_b_001', 'group_b_002', 'group_b_003']",[1 2 3],"{'n_estimators': 333, 'learning_rate': 0.031951185606475654, 'num_leaves': 17, 'max_depth': 7, 'min_child_samples': 30, 'reg_alpha': 0.018746162845204802, 'reg_lambda': 0.016906093921130492}",133.61530713635986,133.6153071363599,133.6153071363599,333.0,0.031951185606475654,17.0,7.0,30.0,0.018746162845204802,0.016906093921130492
"['group_a_001', 'group_a_002', 'group_a_003', 'group_b_001', 'group_b_002', 'group_b_003']",[1 2 3],"{'n_estimators': 314, 'learning_rate': 0.03963416415089295, 'num_leaves': 20, 'max_depth': 5, 'min_child_samples': 30, 'reg_alpha': 0.0003429273672939725, 'reg_lambda': 0.004357352054452577}",133.69910210303627,133.6991021030363,133.6991021030363,314.0,0.03963416415089295,20.0,5.0,30.0,0.0003429273672939725,0.004357352054452577
"['group_a_001', 'group_a_002', 'group_a_003', 'group_b_001', 'group_b_002', 'group_b_003']",[1 2 3],"{'n_estimators': 297, 'learning_rate': 0.05047093413564724, 'num_leaves': 19, 'max_depth': 10, 'min_child_samples': 21, 'reg_alpha': 0.0013147468989061053, 'reg_lambda': 0.0031188173384818153}",133.71531344908246,133.71531344908243,133.71531344908246,297.0,0.05047093413564724,19.0,10.0,21.0,0.0013147468989061053,0.0031188173384818153
"['group_a_001', 'group_a_002', 'group_a_003', 'group_b_001', 'group_b_002', 'group_b_003']",[1 2 3],"{'n_estimators': 319, 'learning_rate': 0.06652452044049995, 'num_leaves': 22, 'max_depth': 6, 'min_child_samples': 16, 'reg_alpha': 8.618179086156814e-06, 'reg_lambda': 0.0003653292651508467}",133.73492434728266,133.73492434728263,133.73492434728263,319.0,0.06652452044049995,22.0,6.0,16.0,8.618179086156814e-06,0.0003653292651508467
"['group_a_001', 'group_a_002', 'group_a_003', 'group_b_001', 'group_b_002', 'group_b_003']",[1 2 3],"{'n_estimators': 300, 'learning_rate': 0.05162276277130807, 'num_leaves': 22, 'max_depth': 9, 'min_child_samples': 20, 'reg_alpha': 0.0009431539584158838, 'reg_lambda': 1.9536558983679587e-06}",133.77428528921382,133.77428528921382,133.7742852892138,300.0,0.05162276277130807,22.0,9.0,20.0,0.0009431539584158838,1.9536558983679587e-06
"['group_a_001', 'group_a_002', 'group_a_003', 'group_b_001', 'group_b_002', 'group_b_003']",[1 2 3],"{'n_estimators': 337, 'learning_rate': 0.05289348871475719, 'num_leaves': 26, 'max_depth': 6, 'min_child_samples': 16, 'reg_alpha': 3.841016959536082e-05, 'reg_lambda': 1.5447905192795644e-08}",133.77700124358302,133.77700124358304,133.77700124358307,337.0,0.05289348871475719,26.0,6.0,16.0,3.841016959536082e-05,1.5447905192795644e-08
"['group_a_001', 'group_a_002', 'group_a_003', 'group_b_001', 'group_b_002', 'group_b_003']",[1 2 3],"{'n_estimators': 498, 'learning_rate': 0.0457132903405966, 'num_leaves': 18, 'max_depth': 9, 'min_child_samples': 41, 'reg_alpha': 1.0377753111750492e-05, 'reg_lambda': 1.4932358971801413e-08}",133.9881025036601,133.9881025036601,133.98810250366006,498.0,0.0457132903405966,18.0,9.0,41.0,1.0377753111750492e-05,1.4932358971801413e-08
"['group_a_001', 'group_a_002', 'group_a_003', 'group_b_001', 'group_b_002', 'group_b_003']",[1 2 3],"{'n_estimators': 313, 'learning_rate': 0.05211276331625006, 'num_leaves': 17, 'max_depth': 6, 'min_child_samples': 21, 'reg_alpha': 0.0004506356270750401, 'reg_lambda': 1.1489263679936247e-08}",134.0219418353795,134.0219418353795,134.02194183537947,313.0,0.05211276331625006,17.0,6.0,21.0,0.0004506356270750401,1.1489263679936247e-08
"['group_a_001', 'group_a_002', 'group_a_003', 'group_b_001', 'group_b_002', 'group_b_003']",[1 2 3],"{'n_estimators': 303, 'learning_rate': 0.07566821581721388, 'num_leaves': 44, 'max_depth': 5, 'min_child_samples': 16, 'reg_alpha': 0.00011804388254729308, 'reg_lambda': 7.876676807639141e-08}",134.0561557805049,134.0561557805049,134.05615578050487,303.0,0.07566821581721388,44.0,5.0,16.0,0.00011804388254729308,7.876676807639141e-08
"['group_a_001', 'group_a_002', 'group_a_003', 'group_b_001', 'group_b_002', 'group_b_003']",[1 2 3],"{'n_estimators': 343, 'learning_rate': 0.05343548240122085, 'num_leaves': 17, 'max_depth': 6, 'min_child_samples': 23, 'reg_alpha': 0.0002054446743738972, 'reg_lambda': 0.0012264767240733046}",134.06758673553648,134.0675867355365,134.06758673553648,343.0,0.05343548240122085,17.0,6.0,23.0,0.0002054446743738972,0.0012264767240733046
"['group_a_001', 'group_a_002', 'group_a_003', 'group_b_001', 'group_b_002', 'group_b_003']",[1 2 3],"{'n_estimators': 436, 'learning_rate': 0.06172114449608369, 'num_leaves': 18, 'max_depth': 7, 'min_child_samples': 13, 'reg_alpha': 0.0002037490184083411, 'reg_lambda': 7.739970278784721e-06}",134.1306088152103,134.1306088152103,134.1306088152103,436.0,0.06172114449608369,18.0,7.0,13.0,0.0002037490184083411,7.739970278784721e-06
"['group_a_001', 'group_a_002', 'group_a_003', 'group_b_001', 'group_b_002', 'group_b_003']",[1 2 3],"{'n_estimators': 396, 'learning_rate': 0.057652355679045225, 'num_leaves': 86, 'max_depth': 5, 'min_child_samples': 26, 'reg_alpha': 9.477694583149054e-05, 'reg_lambda': 0.005199877317940277}",134.16363075124931,134.16363075124931,134.16363075124931,396.0,0.057652355679045225,86.0,5.0,26.0,9.477694583149054e-05,0.005199877317940277
"['group_a_001', 'group_a_002', 'group_a_003', 'group_b_001', 'group_b_002', 'group_b_003']",[1 2 3],"{'n_estimators': 303, 'learning_rate': 0.048063006270261964, 'num_leaves': 24, 'max_depth': 6, 'min_child_samples': 18, 'reg_alpha': 0.0002844432273921186, 'reg_lambda': 2.207083478692762e-08}",134.18003906077004,134.18003906077004,134.18003906077004,303.0,0.048063006270261964,24.0,6.0,18.0,0.0002844432273921186,2.207083478692762e-08
"['group_a_001', 'group_a_002', 'group_a_003', 'group_b_001', 'group_b_002', 'group_b_003']",[1 2 3],"{'n_estimators': 266, 'learning_rate': 0.08817470393755539, 'num_leaves': 24, 'max_depth': 8, 'min_child_samples': 22, 'reg_alpha': 0.0004726409567337687, 'reg_lambda': 9.120918194862088e-05}",134.18349559435907,134.18349559435904,134.18349559435907,266.0,0.08817470393755539,24.0,8.0,22.0,0.0004726409567337687,9.120918194862088e-05
"['group_a_001', 'group_a_002', 'group_a_003', 'group_b_001', 'group_b_002', 'group_b_003']",[1 2 3],"{'n_estimators': 311, 'learning_rate': 0.06607309164703677, 'num_leaves': 22, 'max_depth': 5, 'min_child_samples': 19, 'reg_alpha': 2.7104452593689807e-05, 'reg_lambda': 0.00024352621203194646}",134.2477817436739,134.2477817436739,134.2477817436739,311.0,0.06607309164703677,22.0,5.0,19.0,2.7104452593689807e-05,0.00024352621203194646
"['group_a_001', 'group_a_002', 'group_a_003', 'group_b_001', 'group_b_002', 'group_b_003']",[1 2 3],"{'n_estimators': 178, 'learning_rate': 0.035526970588480276, 'num_leaves': 30, 'max_depth': 6, 'min_child_samples': 38, 'reg_alpha': 3.85134677652232e-08, 'reg_lambda': 0.001749604444179786}",134.2667872997865,134.2667872997865,134.26678729978647,178.0,0.035526970588480276,30.0,6.0,38.0,3.85134677652232e-08,0.001749604444179786
"['group_a_001', 'group_a_002', 'group_a_003', 'group_b_001', 'group_b_002', 'group_b_003']",[1 2 3],"{'n_estimators': 331, 'learning_rate': 0.07963283547060092, 'num_leaves': 21, 'max_depth': 6, 'min_child_samples': 19, 'reg_alpha': 1.4925846705063735e-05, 'reg_lambda': 6.82609565058055e-08}",134.2772159452808,134.27721594528083,134.27721594528083,331.0,0.07963283547060092,21.0,6.0,19.0,1.4925846705063735e-05,6.82609565058055e-08
"['group_a_001', 'group_a_002', 'group_a_003', 'group_b_001', 'group_b_002', 'group_b_003']",[1 2 3],"{'n_estimators': 349, 'learning_rate': 0.04914408717613715, 'num_leaves': 21, 'max_depth': 6, 'min_child_samples': 25, 'reg_alpha': 6.447518033796237e-06, 'reg_lambda': 4.043348229982824e-07}",134.3848910537952,134.38489105379517,134.38489105379517,349.0,0.04914408717613715,21.0,6.0,25.0,6.447518033796237e-06,4.043348229982824e-07
"['group_a_001', 'group_a_002', 'group_a_003', 'group_b_001', 'group_b_002', 'group_b_003']",[1 2 3],"{'n_estimators': 332, 'learning_rate': 0.06142847738434277, 'num_leaves': 17, 'max_depth': 6, 'min_child_samples': 19, 'reg_alpha': 6.926868163465484e-05, 'reg_lambda': 4.28537983304217e-08}",134.43844207331907,134.4384420733191,134.4384420733191,332.0,0.06142847738434277,17.0,6.0,19.0,6.926868163465484e-05,4.28537983304217e-08
"['group_a_001', 'group_a_002', 'group_a_003', 'group_b_001', 'group_b_002', 'group_b_003']",[1 2 3],"{'n_estimators': 141, 'learning_rate': 0.08355609843917608, 'num_leaves': 19, 'max_depth': 5, 'min_child_samples': 17, 'reg_alpha': 2.6952217168323576e-05, 'reg_lambda': 1.2982426348292076e-07}",134.46548339082608,134.46548339082608,134.46548339082608,141.0,0.08355609843917608,19.0,5.0,17.0,2.6952217168323576e-05,1.2982426348292076e-07
"['group_a_001', 'group_a_002', 'group_a_003', 'group_b_001', 'group_b_002', 'group_b_003']",[1 2 3],"{'n_estimators': 337, 'learning_rate': 0.025860811550401645, 'num_leaves': 17, 'max_depth': 5, 'min_child_samples': 32, 'reg_alpha': 0.00014302877040782262, 'reg_lambda': 0.0016157693049423918}",134.48195525616592,134.48195525616595,134.48195525616592,337.0,0.025860811550401645,17.0,5.0,32.0,0.00014302877040782262,0.0016157693049423918
"['group_a_001', 'group_a_002', 'group_a_003', 'group_b_001', 'group_b_002', 'group_b_003']",[1 2 3],"{'n_estimators': 424, 'learning_rate': 0.0249064396938244, 'num_leaves': 26, 'max_depth': 9, 'min_child_samples': 25, 'reg_alpha': 1.254134495897175e-07, 'reg_lambda': 0.00028614897264046574}",134.48247072920677,134.4824707292068,134.4824707292068,424.0,0.0249064396938244,26.0,9.0,25.0,1.254134495897175e-07,0.00028614897264046574
"['group_a_001', 'group_a_002', 'group_a_003', 'group_b_001', 'group_b_002', 'group_b_003']",[1 2 3],"{'n_estimators': 316, 'learning_rate': 0.0778081096076226, 'num_leaves': 23, 'max_depth': 5, 'min_child_samples': 19, 'reg_alpha': 4.519564967456712e-05, 'reg_lambda': 3.5135169486782987e-08}",134.49332221769933,134.49332221769933,134.49332221769933,316.0,0.0778081096076226,23.0,5.0,19.0,4.519564967456712e-05,3.5135169486782987e-08
"['group_a_001', 'group_a_002', 'group_a_003', 'group_b_001', 'group_b_002', 'group_b_003']",[1 2 3],"{'n_estimators': 315, 'learning_rate': 0.055119045766291175, 'num_leaves': 24, 'max_depth': 5, 'min_child_samples': 37, 'reg_alpha': 3.8622080884365134e-05, 'reg_lambda': 3.197716546666173e-08}",134.51601513505344,134.51601513505344,134.51601513505344,315.0,0.055119045766291175,24.0,5.0,37.0,3.8622080884365134e-05,3.197716546666173e-08
"['group_a_001', 'group_a_002', 'group_a_003', 'group_b_001', 'group_b_002', 'group_b_003']",[1 2 3],"{'n_estimators': 432, 'learning_rate': 0.0552513650274411, 'num_leaves': 25, 'max_depth': 3, 'min_child_samples': 21, 'reg_alpha': 1.6309855394023198e-05, 'reg_lambda': 5.283117194286966e-06}",134.53100953054295,134.53100953054295,134.53100953054295,432.0,0.0552513650274411,25.0,3.0,21.0,1.6309855394023198e-05,5.283117194286966e-06
"['group_a_001', 'group_a_002', 'group_a_003', 'group_b_001', 'group_b_002', 'group_b_003']",[1 2 3],"{'n_estimators': 436, 'learning_rate': 0.07018582353887205, 'num_leaves': 115, 'max_depth': 3, 'min_child_samples': 31, 'reg_alpha': 3.92642115521708e-07, 'reg_lambda': 3.3120162889167257e-07}",134.53503396092853,134.5350339609285,134.5350339609285,436.0,0.07018582353887205,115.0,3.0,31.0,3.92642115521708e-07,3.3120162889167257e-07
"['group_a_001', 'group_a_002', 'group_a_003', 'group_b_001', 'group_b_002', 'group_b_003']",[1 2 3],"{'n_estimators': 322, 'learning_rate': 0.06993889621555952, 'num_leaves': 23, 'max_depth': 6, 'min_child_samples': 24, 'reg_alpha': 8.519936611940945e-06, 'reg_lambda': 1.1120810910079088e-08}",134.53931813882744,134.53931813882747,134.53931813882744,322.0,0.06993889621555952,23.0,6.0,24.0,8.519936611940945e-06,1.1120810910079088e-08
"['group_a_001', 'group_a_002', 'group_a_003', 'group_b_001', 'group_b_002', 'group_b_003']",[1 2 3],"{'n_estimators': 272, 'learning_rate': 0.03237569559069244, 'num_leaves': 17, 'max_depth': 5, 'min_child_samples': 28, 'reg_alpha': 9.556292185837681e-08, 'reg_lambda': 0.0005715537575766178}",134.54508738075603,134.54508738075606,134.54508738075606,272.0,0.03237569559069244,17.0,5.0,28.0,9.556292185837681e-08,0.0005715537575766178
"['group_a_001', 'group_a_002', 'group_a_003', 'group_b_001', 'group_b_002', 'group_b_003']",[1 2 3],"{'n_estimators': 309, 'learning_rate': 0.04226390539120689, 'num_leaves': 26, 'max_depth': 7, 'min_child_samples': 30, 'reg_alpha': 1.3516870061402687e-06, 'reg_lambda': 0.0004964402626870924}",134.5499743338466,134.5499743338466,134.54997433384656,309.0,0.04226390539120689,26.0,7.0,30.0,1.3516870061402687e-06,0.0004964402626870924
"['group_a_001', 'group_a_002', 'group_a_003', 'group_b_001', 'group_b_002', 'group_b_003']",[1 2 3],"{'n_estimators': 350, 'learning_rate': 0.08087786062518974, 'num_leaves': 22, 'max_depth': 6, 'min_child_samples': 21, 'reg_alpha': 0.00017983284322414678, 'reg_lambda': 1.0767547839565746e-07}",134.56609258500706,134.56609258500706,134.56609258500708,350.0,0.08087786062518974,22.0,6.0,21.0,0.00017983284322414678,1.0767547839565746e-07
"['group_a_001', 'group_a_002', 'group_a_003', 'group_b_001', 'group_b_002', 'group_b_003']",[1 2 3],"{'n_estimators': 295, 'learning_rate': 0.04771988724430478, 'num_leaves': 24, 'max_depth': 8, 'min_child_samples': 21, 'reg_alpha': 0.0006195093280855845, 'reg_lambda': 0.00012306070996107772}",134.6393163700824,134.6393163700824,134.6393163700824,295.0,0.04771988724430478,24.0,8.0,21.0,0.0006195093280855845,0.00012306070996107772
"['group_a_001', 'group_a_002', 'group_a_003', 'group_b_001', 'group_b_002', 'group_b_003']",[1 2 3],"{'n_estimators': 288, 'learning_rate': 0.07768246012260235, 'num_leaves': 30, 'max_depth': 7, 'min_child_samples': 28, 'reg_alpha': 4.947624364431319e-05, 'reg_lambda': 0.0013816993395617512}",134.6559921956226,134.65599219562262,134.65599219562262,288.0,0.07768246012260235,30.0,7.0,28.0,4.947624364431319e-05,0.0013816993395617512
"['group_a_001', 'group_a_002', 'group_a_003', 'group_b_001', 'group_b_002', 'group_b_003']",[1 2 3],"{'n_estimators': 332, 'learning_rate': 0.043528437279210394, 'num_leaves': 23, 'max_depth': 5, 'min_child_samples': 19, 'reg_alpha': 1.027213675745664e-05, 'reg_lambda': 1.4009135970579826e-07}",134.68325027955294,134.68325027955294,134.68325027955294,332.0,0.043528437279210394,23.0,5.0,19.0,1.027213675745664e-05,1.4009135970579826e-07
"['group_a_001', 'group_a_002', 'group_a_003', 'group_b_001', 'group_b_002', 'group_b_003']",[1 2 3],"{'n_estimators': 354, 'learning_rate': 0.03600142239160928, 'num_leaves': 15, 'max_depth': 6, 'min_child_samples': 33, 'reg_alpha': 0.0005085215220904674, 'reg_lambda': 0.0016250118960034134}",134.7390401182699,134.73904011826994,134.73904011826994,354.0,0.03600142239160928,15.0,6.0,33.0,0.0005085215220904674,0.0016250118960034134
"['group_a_001', 'group_a_002', 'group_a_003', 'group_b_001', 'group_b_002', 'group_b_003']",[1 2 3],"{'n_estimators': 326, 'learning_rate': 0.08005233253420165, 'num_leaves': 24, 'max_depth': 5, 'min_child_samples': 18, 'reg_alpha': 2.171159786033166e-05, 'reg_lambda': 5.0039701925579865e-08}",134.7415555725287,134.74155557252868,134.74155557252868,326.0,0.08005233253420165,24.0,5.0,18.0,2.171159786033166e-05,5.0039701925579865e-08
"['group_a_001', 'group_a_002', 'group_a_003', 'group_b_001', 'group_b_002', 'group_b_003']",[1 2 3],"{'n_estimators': 289, 'learning_rate': 0.03015084041323763, 'num_leaves': 28, 'max_depth': 7, 'min_child_samples': 33, 'reg_alpha': 1.4608670234562431e-05, 'reg_lambda': 8.903395749881603e-05}",134.80916604491887,134.8091660449189,134.8091660449189,289.0,0.03015084041323763,28.0,7.0,33.0,1.4608670234562431e-05,8.903395749881603e-05
"['group_a_001', 'group_a_002', 'group_a_003', 'group_b_001', 'group_b_002', 'group_b_003']",[1 2 3],"{'n_estimators': 312, 'learning_rate': 0.1223000355469235, 'num_leaves': 22, 'max_depth': 5, 'min_child_samples': 19, 'reg_alpha': 5.574624690045154e-05, 'reg_lambda': 1.930028049783888e-08}",134.8559909795675,134.8559909795675,134.8559909795675,312.0,0.1223000355469235,22.0,5.0,19.0,5.574624690045154e-05,1.930028049783888e-08
"['group_a_001', 'group_a_002', 'group_a_003', 'group_b_001', 'group_b_002', 'group_b_003']",[1 2 3],"{'n_estimators': 282, 'learning_rate': 0.06613162506992606, 'num_leaves': 25, 'max_depth': 7, 'min_child_samples': 20, 'reg_alpha': 0.0006554141899990123, 'reg_lambda': 0.000663668460543197}",134.88821149924544,134.88821149924544,134.88821149924547,282.0,0.06613162506992606,25.0,7.0,20.0,0.0006554141899990123,0.000663668460543197
"['group_a_001', 'group_a_002', 'group_a_003', 'group_b_001', 'group_b_002', 'group_b_003']",[1 2 3],"{'n_estimators': 289, 'learning_rate': 0.05654622246052253, 'num_leaves': 21, 'max_depth': 7, 'min_child_samples': 21, 'reg_alpha': 4.4441020935136596e-05, 'reg_lambda': 1.3554620694879964e-07}",134.93834278427624,134.93834278427624,134.93834278427624,289.0,0.05654622246052253,21.0,7.0,21.0,4.4441020935136596e-05,1.3554620694879964e-07
"['group_a_001', 'group_a_002', 'group_a_003', 'group_b_001', 'group_b_002', 'group_b_003']",[1 2 3],"{'n_estimators': 428, 'learning_rate': 0.197455077486802, 'num_leaves': 21, 'max_depth': 4, 'min_child_samples': 34, 'reg_alpha': 2.5185275454752747e-05, 'reg_lambda': 0.004544522711554703}",134.9413725656916,134.9413725656916,134.9413725656916,428.0,0.197455077486802,21.0,4.0,34.0,2.5185275454752747e-05,0.004544522711554703
"['group_a_001', 'group_a_002', 'group_a_003', 'group_b_001', 'group_b_002', 'group_b_003']",[1 2 3],"{'n_estimators': 319, 'learning_rate': 0.06843482715156063, 'num_leaves': 17, 'max_depth': 6, 'min_child_samples': 15, 'reg_alpha': 3.227726207024643e-05, 'reg_lambda': 2.444386121443326e-08}",134.9972514016926,134.9972514016926,134.9972514016926,319.0,0.06843482715156063,17.0,6.0,15.0,3.227726207024643e-05,2.444386121443326e-08
"['group_a_001', 'group_a_002', 'group_a_003', 'group_b_001', 'group_b_002', 'group_b_003']",[1 2 3],"{'n_estimators': 322, 'learning_rate': 0.07223955559819219, 'num_leaves': 16, 'max_depth': 6, 'min_child_samples': 16, 'reg_alpha': 1.560075911256993e-05, 'reg_lambda': 3.010610899924112e-08}",135.05813945586493,135.05813945586493,135.05813945586493,322.0,0.07223955559819219,16.0,6.0,16.0,1.560075911256993e-05,3.010610899924112e-08
"['group_a_001', 'group_a_002', 'group_a_003', 'group_b_001', 'group_b_002', 'group_b_003']",[1 2 3],"{'n_estimators': 338, 'learning_rate': 0.04079334217841376, 'num_leaves': 20, 'max_depth': 7, 'min_child_samples': 31, 'reg_alpha': 1.4985160211429656e-05, 'reg_lambda': 1.0504926137805835e-08}",135.17687098643265,135.17687098643265,135.17687098643265,338.0,0.04079334217841376,20.0,7.0,31.0,1.4985160211429656e-05,1.0504926137805835e-08
"['group_a_001', 'group_a_002', 'group_a_003', 'group_b_001', 'group_b_002', 'group_b_003']",[1 2 3],"{'n_estimators': 329, 'learning_rate': 0.1977511908823259, 'num_leaves': 29, 'max_depth': 8, 'min_child_samples': 29, 'reg_alpha': 0.00022680295106658203, 'reg_lambda': 0.0008620283319279962}",135.21450210677543,135.21450210677546,135.21450210677546,329.0,0.1977511908823259,29.0,8.0,29.0,0.00022680295106658203,0.0008620283319279962
"['group_a_001', 'group_a_002', 'group_a_003', 'group_b_001', 'group_b_002', 'group_b_003']",[1 2 3],"{'n_estimators': 284, 'learning_rate': 0.05385028169717266, 'num_leaves': 21, 'max_depth': 8, 'min_child_samples': 22, 'reg_alpha': 0.000347842528777529, 'reg_lambda': 1.4071094639726548e-05}",135.28992130783556,135.28992130783558,135.28992130783558,284.0,0.05385028169717266,21.0,8.0,22.0,0.000347842528777529,1.4071094639726548e-05
"['group_a_001', 'group_a_002', 'group_a_003', 'group_b_001', 'group_b_002', 'group_b_003']",[1 2 3],"{'n_estimators': 323, 'learning_rate': 0.04457347276986278, 'num_leaves': 20, 'max_depth': 6, 'min_child_samples': 22, 'reg_alpha': 3.225496373966076e-05, 'reg_lambda': 3.6403888862747444}",135.31899460090258,135.31899460090258,135.31899460090258,323.0,0.04457347276986278,20.0,6.0,22.0,3.225496373966076e-05,3.6403888862747444
"['group_a_001', 'group_a_002', 'group_a_003', 'group_b_001', 'group_b_002', 'group_b_003']",[1 2 3],"{'n_estimators': 305, 'learning_rate': 0.04906793881002057, 'num_leaves': 23, 'max_depth': 7, 'min_child_samples': 20, 'reg_alpha': 0.0009018647405276308, 'reg_lambda': 0.0007665527863969313}",135.40656244974488,135.4065624497449,135.40656244974488,305.0,0.04906793881002057,23.0,7.0,20.0,0.0009018647405276308,0.0007665527863969313
"['group_a_001', 'group_a_002', 'group_a_003', 'group_b_001', 'group_b_002', 'group_b_003']",[1 2 3],"{'n_estimators': 344, 'learning_rate': 0.10551531413604535, 'num_leaves': 23, 'max_depth': 6, 'min_child_samples': 15, 'reg_alpha': 3.535936615130095e-05, 'reg_lambda': 0.0009959065354605825}",135.42374877877066,135.42374877877066,135.42374877877066,344.0,0.10551531413604535,23.0,6.0,15.0,3.535936615130095e-05,0.0009959065354605825
"['group_a_001', 'group_a_002', 'group_a_003', 'group_b_001', 'group_b_002', 'group_b_003']",[1 2 3],"{'n_estimators': 346, 'learning_rate': 0.08533961214943127, 'num_leaves': 93, 'max_depth': 6, 'min_child_samples': 19, 'reg_alpha': 0.00012191539377897074, 'reg_lambda': 9.509818873156715e-08}",135.45991077256292,135.45991077256292,135.45991077256295,346.0,0.08533961214943127,93.0,6.0,19.0,0.00012191539377897074,9.509818873156715e-08
"['group_a_001', 'group_a_002', 'group_a_003', 'group_b_001', 'group_b_002', 'group_b_003']",[1 2 3],"{'n_estimators': 316, 'learning_rate': 0.05841189879187399, 'num_leaves': 18, 'max_depth': 6, 'min_child_samples': 17, 'reg_alpha': 2.1300513669303388e-05, 'reg_lambda': 7.409376741653767e-08}",135.47924796321968,135.47924796321968,135.47924796321968,316.0,0.05841189879187399,18.0,6.0,17.0,2.1300513669303388e-05,7.409376741653767e-08
"['group_a_001', 'group_a_002', 'group_a_003', 'group_b_001', 'group_b_002', 'group_b_003']",[1 2 3],"{'n_estimators': 324, 'learning_rate': 0.04933214104473387, 'num_leaves': 15, 'max_depth': 5, 'min_child_samples': 15, 'reg_alpha': 1.3205472455992055e-05, 'reg_lambda': 1.236785039940355e-07}",135.53418331335783,135.53418331335783,135.5341833133578,324.0,0.04933214104473387,15.0,5.0,15.0,1.3205472455992055e-05,1.236785039940355e-07
"['group_a_001', 'group_a_002', 'group_a_003', 'group_b_001', 'group_b_002', 'group_b_003']",[1 2 3],"{'n_estimators': 338, 'learning_rate': 0.06597841425491942, 'num_leaves': 28, 'max_depth': 5, 'min_child_samples': 20, 'reg_alpha': 9.775876628031125e-06, 'reg_lambda': 3.250850263572205e-08}",135.55753602550087,135.5575360255009,135.5575360255009,338.0,0.06597841425491942,28.0,5.0,20.0,9.775876628031125e-06,3.250850263572205e-08
"['group_a_001', 'group_a_002', 'group_a_003', 'group_b_001', 'group_b_002', 'group_b_003']",[1 2 3],"{'n_estimators': 334, 'learning_rate': 0.06504958902298719, 'num_leaves': 17, 'max_depth': 5, 'min_child_samples': 44, 'reg_alpha': 9.027811896471067e-06, 'reg_lambda': 2.1663364770826035e-08}",135.57930157135985,135.57930157135985,135.57930157135985,334.0,0.06504958902298719,17.0,5.0,44.0,9.027811896471067e-06,2.1663364770826035e-08
"['group_a_001', 'group_a_002', 'group_a_003', 'group_b_001', 'group_b_002', 'group_b_003']",[1 2 3],"{'n_estimators': 450, 'learning_rate': 0.17120674880899228, 'num_leaves': 29, 'max_depth': 4, 'min_child_samples': 34, 'reg_alpha': 0.46556281934122906, 'reg_lambda': 7.476217834082651e-08}",135.68406444630102,135.68406444630102,135.68406444630102,450.0,0.17120674880899228,29.0,4.0,34.0,0.46556281934122906,7.476217834082651e-08
"['group_a_001', 'group_a_002', 'group_a_003', 'group_b_001', 'group_b_002', 'group_b_003']",[1 2 3],"{'n_estimators': 243, 'learning_rate': 0.07957590380700096, 'num_leaves': 17, 'max_depth': 7, 'min_child_samples': 18, 'reg_alpha': 3.4607601448910786e-05, 'reg_lambda': 0.005246664268677179}",135.88840091766417,135.88840091766417,135.88840091766417,243.0,0.07957590380700096,17.0,7.0,18.0,3.4607601448910786e-05,0.005246664268677179
"['group_a_001', 'group_a_002', 'group_a_003', 'group_b_001', 'group_b_002', 'group_b_003']",[1 2 3],"{'n_estimators': 299, 'learning_rate': 0.05526944697936487, 'num_leaves': 24, 'max_depth': 6, 'min_child_samples': 23, 'reg_alpha': 0.0010527053082323835, 'reg_lambda': 4.581471777836645e-08}",135.8900474420128,135.8900474420128,135.89004744201281,299.0,0.05526944697936487,24.0,6.0,23.0,0.0010527053082323835,4.581471777836645e-08
"['group_a_001', 'group_a_002', 'group_a_003', 'group_b_001', 'group_b_002', 'group_b_003']",[1 2 3],"{'n_estimators': 339, 'learning_rate': 0.1331768963650635, 'num_leaves': 20, 'max_depth': 5, 'min_child_samples': 15, 'reg_alpha': 1.299064866669576e-05, 'reg_lambda': 2.8206216159719984e-08}",136.06272203633927,136.06272203633927,136.06272203633927,339.0,0.1331768963650635,20.0,5.0,15.0,1.299064866669576e-05,2.8206216159719984e-08
"['group_a_001', 'group_a_002', 'group_a_003', 'group_b_001', 'group_b_002', 'group_b_003']",[1 2 3],"{'n_estimators': 224, 'learning_rate': 0.026948061706403407, 'num_leaves': 31, 'max_depth': 9, 'min_child_samples': 18, 'reg_alpha': 0.004783646643245577, 'reg_lambda': 2.066067807209188e-06}",136.07321163177394,136.07321163177394,136.07321163177394,224.0,0.026948061706403407,31.0,9.0,18.0,0.004783646643245577,2.066067807209188e-06
"['group_a_001', 'group_a_002', 'group_a_003', 'group_b_001', 'group_b_002', 'group_b_003']",[1 2 3],"{'n_estimators': 449, 'learning_rate': 0.0938946691642812, 'num_leaves': 24, 'max_depth': 6, 'min_child_samples': 32, 'reg_alpha': 2.6059925026938625e-07, 'reg_lambda': 2.4911013124078612e-05}",136.1579214513844,136.15792145138442,136.15792145138442,449.0,0.0938946691642812,24.0,6.0,32.0,2.6059925026938625e-07,2.4911013124078612e-05
"['group_a_001', 'group_a_002', 'group_a_003', 'group_b_001', 'group_b_002', 'group_b_003']",[1 2 3],"{'n_estimators': 447, 'learning_rate': 0.06054365855469246, 'num_leaves': 95, 'max_depth': 3, 'min_child_samples': 49, 'reg_alpha': 0.31044435499483225, 'reg_lambda': 8.148018307012941e-07}",136.25905140265897,136.25905140265897,136.25905140265894,447.0,0.06054365855469246,95.0,3.0,49.0,0.31044435499483225,8.148018307012941e-07
"['group_a_001', 'group_a_002', 'group_a_003', 'group_b_001', 'group_b_002', 'group_b_003']",[1 2 3],"{'n_estimators': 297, 'learning_rate': 0.07669259722454537, 'num_leaves': 17, 'max_depth': 6, 'min_child_samples': 20, 'reg_alpha': 7.630926160277241e-05, 'reg_lambda': 2.314933105180989e-08}",136.26839302711403,136.26839302711403,136.26839302711406,297.0,0.07669259722454537,17.0,6.0,20.0,7.630926160277241e-05,2.314933105180989e-08
"['group_a_001', 'group_a_002', 'group_a_003', 'group_b_001', 'group_b_002', 'group_b_003']",[1 2 3],"{'n_estimators': 357, 'learning_rate': 0.08599110288751638, 'num_leaves': 20, 'max_depth': 6, 'min_child_samples': 20, 'reg_alpha': 6.477152912008089e-05, 'reg_lambda': 1.0270821131765075e-08}",136.36826376232648,136.36826376232648,136.36826376232645,357.0,0.08599110288751638,20.0,6.0,20.0,6.477152912008089e-05,1.0270821131765075e-08
"['group_a_001', 'group_a_002', 'group_a_003', 'group_b_001', 'group_b_002', 'group_b_003']",[1 2 3],"{'n_estimators': 462, 'learning_rate': 0.013744713943722139, 'num_leaves': 24, 'max_depth': 5, 'min_child_samples': 39, 'reg_alpha': 6.865727594660676, 'reg_lambda': 3.758265474572067e-08}",136.4458801533816,136.44588015338164,136.4458801533816,462.0,0.013744713943722139,24.0,5.0,39.0,6.865727594660676,3.758265474572067e-08
"['group_a_001', 'group_a_002', 'group_a_003', 'group_b_001', 'group_b_002', 'group_b_003']",[1 2 3],"{'n_estimators': 272, 'learning_rate': 0.04503521120607507, 'num_leaves': 40, 'max_depth': 7, 'min_child_samples': 33, 'reg_alpha': 0.00021710502672954736, 'reg_lambda': 0.00045309795437646085}",136.6073018863749,136.60730188637493,136.60730188637493,272.0,0.04503521120607507,40.0,7.0,33.0,0.00021710502672954736,0.00045309795437646085
"['group_a_001', 'group_a_002', 'group_a_003', 'group_b_001', 'group_b_002', 'group_b_003']",[1 2 3],"{'n_estimators': 320, 'learning_rate': 0.08349587414062519, 'num_leaves': 26, 'max_depth': 5, 'min_child_samples': 19, 'reg_alpha': 0.00031003218993559553, 'reg_lambda': 5.54040336728031e-08}",136.6634886601249,136.6634886601249,136.6634886601249,320.0,0.08349587414062519,26.0,5.0,19.0,0.00031003218993559553,5.54040336728031e-08
"['group_a_001', 'group_a_002', 'group_a_003', 'group_b_001', 'group_b_002', 'group_b_003']",[1 2 3],"{'n_estimators': 403, 'learning_rate': 0.033158142934684096, 'num_leaves': 26, 'max_depth': 5, 'min_child_samples': 29, 'reg_alpha': 1.2992864219578047e-06, 'reg_lambda': 1.7158206552473083e-07}",136.66907400321847,136.66907400321847,136.66907400321847,403.0,0.033158142934684096,26.0,5.0,29.0,1.2992864219578047e-06,1.7158206552473083e-07
"['group_a_001', 'group_a_002', 'group_a_003', 'group_b_001', 'group_b_002', 'group_b_003']",[1 2 3],"{'n_estimators': 319, 'learning_rate': 0.08466008756415083, 'num_leaves': 28, 'max_depth': 5, 'min_child_samples': 17, 'reg_alpha': 9.008485908100055e-05, 'reg_lambda': 1.392512667869096e-07}",136.67413416815023,136.67413416815023,136.67413416815023,319.0,0.08466008756415083,28.0,5.0,17.0,9.008485908100055e-05,1.392512667869096e-07
"['group_a_001', 'group_a_002', 'group_a_003', 'group_b_001', 'group_b_002', 'group_b_003']",[1 2 3],"{'n_estimators': 322, 'learning_rate': 0.08476617869526257, 'num_leaves': 73, 'max_depth': 4, 'min_child_samples': 21, 'reg_alpha': 8.135943183186439e-06, 'reg_lambda': 3.708952111524069e-08}",136.71203705732844,136.71203705732847,136.71203705732847,322.0,0.08476617869526257,73.0,4.0,21.0,8.135943183186439e-06,3.708952111524069e-08
"['group_a_001', 'group_a_002', 'group_a_003', 'group_b_001', 'group_b_002', 'group_b_003']",[1 2 3],"{'n_estimators': 371, 'learning_rate': 0.03716953278031363, 'num_leaves': 37, 'max_depth': 6, 'min_child_samples': 35, 'reg_alpha': 2.65583160799942e-06, 'reg_lambda': 0.0011182597304600099}",136.81911657319222,136.81911657319222,136.81911657319222,371.0,0.03716953278031363,37.0,6.0,35.0,2.65583160799942e-06,0.0011182597304600099
"['group_a_001', 'group_a_002', 'group_a_003', 'group_b_001', 'group_b_002', 'group_b_003']",[1 2 3],"{'n_estimators': 172, 'learning_rate': 0.017322667470546258, 'num_leaves': 49, 'max_depth': 8, 'min_child_samples': 24, 'reg_alpha': 4.17890272377219e-06, 'reg_lambda': 0.0032112643094417484}",136.8320483760948,136.8320483760948,136.8320483760948,172.0,0.017322667470546258,49.0,8.0,24.0,4.17890272377219e-06,0.0032112643094417484
"['group_a_001', 'group_a_002', 'group_a_003', 'group_b_001', 'group_b_002', 'group_b_003']",[1 2 3],"{'n_estimators': 301, 'learning_rate': 0.09154921468101984, 'num_leaves': 27, 'max_depth': 6, 'min_child_samples': 20, 'reg_alpha': 4.203613270485252e-05, 'reg_lambda': 8.750591564615843e-08}",137.00822875805486,137.00822875805488,137.00822875805486,301.0,0.09154921468101984,27.0,6.0,20.0,4.203613270485252e-05,8.750591564615843e-08
"['group_a_001', 'group_a_002', 'group_a_003', 'group_b_001', 'group_b_002', 'group_b_003']",[1 2 3],"{'n_estimators': 345, 'learning_rate': 0.04385408452504496, 'num_leaves': 22, 'max_depth': 6, 'min_child_samples': 33, 'reg_alpha': 2.2470704671539405e-05, 'reg_lambda': 0.00013945004392902145}",137.14624592854832,137.1462459285483,137.1462459285483,345.0,0.04385408452504496,22.0,6.0,33.0,2.2470704671539405e-05,0.00013945004392902145
"['group_a_001', 'group_a_002', 'group_a_003', 'group_b_001', 'group_b_002', 'group_b_003']",[1 2 3],"{'n_estimators': 321, 'learning_rate': 0.07860839625072323, 'num_leaves': 20, 'max_depth': 6, 'min_child_samples': 18, 'reg_alpha': 2.580293463823386e-07, 'reg_lambda': 4.782639130110645e-08}",137.31668196179052,137.31668196179055,137.31668196179055,321.0,0.07860839625072323,20.0,6.0,18.0,2.580293463823386e-07,4.782639130110645e-08
"['group_a_001', 'group_a_002', 'group_a_003', 'group_b_001', 'group_b_002', 'group_b_003']",[1 2 3],"{'n_estimators': 311, 'learning_rate': 0.0603162082652165, 'num_leaves': 25, 'max_depth': 7, 'min_child_samples': 18, 'reg_alpha': 0.00013642308084747503, 'reg_lambda': 4.501617997653352e-07}",137.36813272196633,137.36813272196633,137.36813272196633,311.0,0.0603162082652165,25.0,7.0,18.0,0.00013642308084747503,4.501617997653352e-07
"['group_a_001', 'group_a_002', 'group_a_003', 'group_b_001', 'group_b_002', 'group_b_003']",[1 2 3],"{'n_estimators': 421, 'learning_rate': 0.06949259578659099, 'num_leaves': 25, 'max_depth': 4, 'min_child_samples': 26, 'reg_alpha': 1.945678885185744e-06, 'reg_lambda': 0.000740933319336913}",137.44982093664635,137.44982093664635,137.44982093664635,421.0,0.06949259578659099,25.0,4.0,26.0,1.945678885185744e-06,0.000740933319336913
"['group_a_001', 'group_a_002', 'group_a_003', 'group_b_001', 'group_b_002', 'group_b_003']",[1 2 3],"{'n_estimators': 303, 'learning_rate': 0.05884960980515519, 'num_leaves': 18, 'max_depth': 7, 'min_child_samples': 25, 'reg_alpha': 1.4898696147770202e-06, 'reg_lambda': 0.0027989539735615216}",137.48119351965153,137.4811935196515,137.48119351965155,303.0,0.05884960980515519,18.0,7.0,25.0,1.4898696147770202e-06,0.0027989539735615216
"['group_a_001', 'group_a_002', 'group_a_003', 'group_b_001', 'group_b_002', 'group_b_003']",[1 2 3],"{'n_estimators': 270, 'learning_rate': 0.1571923805205261, 'num_leaves': 57, 'max_depth': 8, 'min_child_samples': 10, 'reg_alpha': 9.376130891935746e-05, 'reg_lambda': 5.167800971210916e-08}",137.64791728382,137.64791728382,137.64791728382,270.0,0.1571923805205261,57.0,8.0,10.0,9.376130891935746e-05,5.167800971210916e-08
"['group_a_001', 'group_a_002', 'group_a_003', 'group_b_001', 'group_b_002', 'group_b_003']",[1 2 3],"{'n_estimators': 351, 'learning_rate': 0.09266320945251441, 'num_leaves': 25, 'max_depth': 4, 'min_child_samples': 15, 'reg_alpha': 0.0001037953747560443, 'reg_lambda': 7.706266428193656e-08}",137.68424847479102,137.68424847479102,137.68424847479102,351.0,0.09266320945251441,25.0,4.0,15.0,0.0001037953747560443,7.706266428193656e-08
"['group_a_001', 'group_a_002', 'group_a_003', 'group_b_001', 'group_b_002', 'group_b_003']",[1 2 3],"{'n_estimators': 490, 'learning_rate': 0.04400956473756024, 'num_leaves': 19, 'max_depth': 10, 'min_child_samples': 32, 'reg_alpha': 8.902048858141922e-05, 'reg_lambda': 0.007442067638968092}",137.68586696842524,137.68586696842527,137.68586696842527,490.0,0.04400956473756024,19.0,10.0,32.0,8.902048858141922e-05,0.007442067638968092
"['group_a_001', 'group_a_002', 'group_a_003', 'group_b_001', 'group_b_002', 'group_b_003']",[1 2 3],"{'n_estimators': 341, 'learning_rate': 0.06430896331391607, 'num_leaves': 20, 'max_depth': 5, 'min_child_samples': 19, 'reg_alpha': 6.984024033409356e-05, 'reg_lambda': 1.898941773932356e-07}",137.76035963076114,137.76035963076114,137.76035963076112,341.0,0.06430896331391607,20.0,5.0,19.0,6.984024033409356e-05,1.898941773932356e-07
"['group_a_001', 'group_a_002', 'group_a_003', 'group_b_001', 'group_b_002', 'group_b_003']",[1 2 3],"{'n_estimators': 283, 'learning_rate': 0.04898263594766604, 'num_leaves': 30, 'max_depth': 5, 'min_child_samples': 21, 'reg_alpha': 4.196532019245844e-05, 'reg_lambda': 0.039714727387914976}",137.76354027024865,137.76354027024865,137.76354027024865,283.0,0.04898263594766604,30.0,5.0,21.0,4.196532019245844e-05,0.039714727387914976
"['group_a_001', 'group_a_002', 'group_a_003', 'group_b_001', 'group_b_002', 'group_b_003']",[1 2 3],"{'n_estimators': 297, 'learning_rate': 0.08951162078270099, 'num_leaves': 19, 'max_depth': 5, 'min_child_samples': 20, 'reg_alpha': 0.0004765275845606976, 'reg_lambda': 1.635000750454366e-07}",137.77575290536558,137.77575290536558,137.77575290536558,297.0,0.08951162078270099,19.0,5.0,20.0,0.0004765275845606976,1.635000750454366e-07
"['group_a_001', 'group_a_002', 'group_a_003', 'group_b_001', 'group_b_002', 'group_b_003']",[1 2 3],"{'n_estimators': 362, 'learning_rate': 0.1408019606921857, 'num_leaves': 34, 'max_depth': 4, 'min_child_samples': 36, 'reg_alpha': 0.06543843363179251, 'reg_lambda': 0.00209045063482619}",137.82042155928423,137.82042155928423,137.82042155928423,362.0,0.1408019606921857,34.0,4.0,36.0,0.06543843363179251,0.00209045063482619
"['group_a_001', 'group_a_002', 'group_a_003', 'group_b_001', 'group_b_002', 'group_b_003']",[1 2 3],"{'n_estimators': 422, 'learning_rate': 0.08448532069029355, 'num_leaves': 32, 'max_depth': 4, 'min_child_samples': 28, 'reg_alpha': 0.2936681097277988, 'reg_lambda': 0.015404568618304856}",137.97664979414643,137.9766497941464,137.9766497941464,422.0,0.08448532069029355,32.0,4.0,28.0,0.2936681097277988,0.015404568618304856
"['group_a_001', 'group_a_002', 'group_a_003', 'group_b_001', 'group_b_002', 'group_b_003']",[1 2 3],"{'n_estimators': 391, 'learning_rate': 0.04071922924925074, 'num_leaves': 42, 'max_depth': 9, 'min_child_samples': 19, 'reg_alpha': 2.7610012681251843e-05, 'reg_lambda': 0.03524781916261633}",138.01974404644267,138.01974404644267,138.01974404644267,391.0,0.04071922924925074,42.0,9.0,19.0,2.7610012681251843e-05,0.03524781916261633
"['group_a_001', 'group_a_002', 'group_a_003', 'group_b_001', 'group_b_002', 'group_b_003']",[1 2 3],"{'n_estimators': 304, 'learning_rate': 0.08831793888029338, 'num_leaves': 31, 'max_depth': 5, 'min_child_samples': 16, 'reg_alpha': 0.00014735355672129395, 'reg_lambda': 9.741188839608604e-08}",138.0441430413999,138.04414304139993,138.04414304139993,304.0,0.08831793888029338,31.0,5.0,16.0,0.00014735355672129395,9.741188839608604e-08
"['group_a_001', 'group_a_002', 'group_a_003', 'group_b_001', 'group_b_002', 'group_b_003']",[1 2 3],"{'n_estimators': 356, 'learning_rate': 0.0845278649164768, 'num_leaves': 19, 'max_depth': 7, 'min_child_samples': 20, 'reg_alpha': 8.256446650211224e-06, 'reg_lambda': 1.3880883036398228e-08}",138.06101516203384,138.06101516203384,138.06101516203384,356.0,0.0845278649164768,19.0,7.0,20.0,8.256446650211224e-06,1.3880883036398228e-08
"['group_a_001', 'group_a_002', 'group_a_003', 'group_b_001', 'group_b_002', 'group_b_003']",[1 2 3],"{'n_estimators': 316, 'learning_rate': 0.07052053750591843, 'num_leaves': 23, 'max_depth': 6, 'min_child_samples': 22, 'reg_alpha': 3.821314094076949e-05, 'reg_lambda': 4.6212085755968966e-08}",138.09871899927904,138.09871899927904,138.09871899927904,316.0,0.07052053750591843,23.0,6.0,22.0,3.821314094076949e-05,4.6212085755968966e-08
"['group_a_001', 'group_a_002', 'group_a_003', 'group_b_001', 'group_b_002', 'group_b_003']",[1 2 3],"{'n_estimators': 386, 'learning_rate': 0.021753064072858642, 'num_leaves': 47, 'max_depth': 6, 'min_child_samples': 27, 'reg_alpha': 0.0021017554008399266, 'reg_lambda': 4.045364038656483e-06}",138.23066842785934,138.23066842785934,138.23066842785937,386.0,0.021753064072858642,47.0,6.0,27.0,0.0021017554008399266,4.045364038656483e-06
"['group_a_001', 'group_a_002', 'group_a_003', 'group_b_001', 'group_b_002', 'group_b_003']",[1 2 3],"{'n_estimators': 333, 'learning_rate': 0.055285223995228776, 'num_leaves': 17, 'max_depth': 7, 'min_child_samples': 22, 'reg_alpha': 0.001198286371819831, 'reg_lambda': 0.0019146489076927984}",138.25043237833003,138.25043237833003,138.25043237833003,333.0,0.055285223995228776,17.0,7.0,22.0,0.001198286371819831,0.0019146489076927984
"['group_a_001', 'group_a_002', 'group_a_003', 'group_b_001', 'group_b_002', 'group_b_003']",[1 2 3],"{'n_estimators': 299, 'learning_rate': 0.03736118452470991, 'num_leaves': 51, 'max_depth': 6, 'min_child_samples': 38, 'reg_alpha': 8.158076811240706e-06, 'reg_lambda': 1.061500530513292e-05}",138.27823247861792,138.27823247861792,138.27823247861792,299.0,0.03736118452470991,51.0,6.0,38.0,8.158076811240706e-06,1.061500530513292e-05
"['group_a_001', 'group_a_002', 'group_a_003', 'group_b_001', 'group_b_002', 'group_b_003']",[1 2 3],"{'n_estimators': 324, 'learning_rate': 0.06602537864249583, 'num_leaves': 19, 'max_depth': 7, 'min_child_samples': 29, 'reg_alpha': 5.578734770314128e-06, 'reg_lambda': 0.02549225586943473}",138.27965274659343,138.2796527465934,138.2796527465934,324.0,0.06602537864249583,19.0,7.0,29.0,5.578734770314128e-06,0.02549225586943473
"['group_a_001', 'group_a_002', 'group_a_003', 'group_b_001', 'group_b_002', 'group_b_003']",[1 2 3],"{'n_estimators': 285, 'learning_rate': 0.05152010122184902, 'num_leaves': 66, 'max_depth': 6, 'min_child_samples': 20, 'reg_alpha': 0.00013718894818946325, 'reg_lambda': 5.725398386391817e-08}",138.2944932214986,138.2944932214986,138.2944932214986,285.0,0.05152010122184902,66.0,6.0,20.0,0.00013718894818946325,5.725398386391817e-08
"['group_a_001', 'group_a_002', 'group_a_003', 'group_b_001', 'group_b_002', 'group_b_003']",[1 2 3],"{'n_estimators': 258, 'learning_rate': 0.09869431084198546, 'num_leaves': 25, 'max_depth': 5, 'min_child_samples': 34, 'reg_alpha': 4.878478635010915e-06, 'reg_lambda': 0.055962555748971694}",138.33615725324697,138.33615725324697,138.33615725324697,258.0,0.09869431084198546,25.0,5.0,34.0,4.878478635010915e-06,0.055962555748971694
"['group_a_001', 'group_a_002', 'group_a_003', 'group_b_001', 'group_b_002', 'group_b_003']",[1 2 3],"{'n_estimators': 370, 'learning_rate': 0.11528879688923022, 'num_leaves': 33, 'max_depth': 8, 'min_child_samples': 39, 'reg_alpha': 7.535746849050919e-07, 'reg_lambda': 2.3664432401709092e-08}",138.3717315984753,138.3717315984753,138.3717315984753,370.0,0.11528879688923022,33.0,8.0,39.0,7.535746849050919e-07,2.3664432401709092e-08
"['group_a_001', 'group_a_002', 'group_a_003', 'group_b_001', 'group_b_002', 'group_b_003']",[1 2 3],"{'n_estimators': 308, 'learning_rate': 0.06941471247085462, 'num_leaves': 19, 'max_depth': 6, 'min_child_samples': 17, 'reg_alpha': 6.051558197637736e-05, 'reg_lambda': 4.08152347163817e-08}",138.4110492453977,138.41104924539766,138.41104924539766,308.0,0.06941471247085462,19.0,6.0,17.0,6.051558197637736e-05,4.08152347163817e-08
"['group_a_001', 'group_a_002', 'group_a_003', 'group_b_001', 'group_b_002', 'group_b_003']",[1 2 3],"{'n_estimators': 439, 'learning_rate': 0.057171512296480265, 'num_leaves': 29, 'max_depth': 7, 'min_child_samples': 32, 'reg_alpha': 8.27125375376679, 'reg_lambda': 0.002246890519021022}",138.46220537916858,138.46220537916855,138.46220537916858,439.0,0.057171512296480265,29.0,7.0,32.0,8.27125375376679,0.002246890519021022
"['group_a_001', 'group_a_002', 'group_a_003', 'group_b_001', 'group_b_002', 'group_b_003']",[1 2 3],"{'n_estimators': 292, 'learning_rate': 0.04733443724789944, 'num_leaves': 35, 'max_depth': 4, 'min_child_samples': 30, 'reg_alpha': 6.908189651610819e-05, 'reg_lambda': 0.0010039646226624726}",138.4926523720009,138.4926523720009,138.4926523720009,292.0,0.04733443724789944,35.0,4.0,30.0,6.908189651610819e-05,0.0010039646226624726
"['group_a_001', 'group_a_002', 'group_a_003', 'group_b_001', 'group_b_002', 'group_b_003']",[1 2 3],"{'n_estimators': 293, 'learning_rate': 0.0772988213814862, 'num_leaves': 25, 'max_depth': 5, 'min_child_samples': 17, 'reg_alpha': 0.0033489950328395523, 'reg_lambda': 7.272342389071329e-08}",138.69865172330654,138.69865172330657,138.6986517233066,293.0,0.0772988213814862,25.0,5.0,17.0,0.0033489950328395523,7.272342389071329e-08
"['group_a_001', 'group_a_002', 'group_a_003', 'group_b_001', 'group_b_002', 'group_b_003']",[1 2 3],"{'n_estimators': 266, 'learning_rate': 0.06259800753297447, 'num_leaves': 69, 'max_depth': 7, 'min_child_samples': 23, 'reg_alpha': 8.631674300293944e-05, 'reg_lambda': 8.804319763810593e-08}",138.79727296480192,138.79727296480192,138.79727296480192,266.0,0.06259800753297447,69.0,7.0,23.0,8.631674300293944e-05,8.804319763810593e-08
"['group_a_001', 'group_a_002', 'group_a_003', 'group_b_001', 'group_b_002', 'group_b_003']",[1 2 3],"{'n_estimators': 303, 'learning_rate': 0.08207444419831997, 'num_leaves': 19, 'max_depth': 7, 'min_child_samples': 21, 'reg_alpha': 3.032586766859851e-05, 'reg_lambda': 1.420747466864482e-07}",138.9774991147181,138.9774991147181,138.97749911471814,303.0,0.08207444419831997,19.0,7.0,21.0,3.032586766859851e-05,1.420747466864482e-07
"['group_a_001', 'group_a_002', 'group_a_003', 'group_b_001', 'group_b_002', 'group_b_003']",[1 2 3],"{'n_estimators': 351, 'learning_rate': 0.06079497971953171, 'num_leaves': 24, 'max_depth': 6, 'min_child_samples': 19, 'reg_alpha': 8.90327411076287e-05, 'reg_lambda': 2.1997706872994036e-08}",138.99316090745037,138.99316090745037,138.99316090745037,351.0,0.06079497971953171,24.0,6.0,19.0,8.90327411076287e-05,2.1997706872994036e-08
"['group_a_001', 'group_a_002', 'group_a_003', 'group_b_001', 'group_b_002', 'group_b_003']",[1 2 3],"{'n_estimators': 210, 'learning_rate': 0.08123034167799266, 'num_leaves': 76, 'max_depth': 10, 'min_child_samples': 22, 'reg_alpha': 0.0012753846384809476, 'reg_lambda': 7.784306574584157e-05}",139.0441397394933,139.04413973949326,139.04413973949332,210.0,0.08123034167799266,76.0,10.0,22.0,0.0012753846384809476,7.784306574584157e-05
"['group_a_001', 'group_a_002', 'group_a_003', 'group_b_001', 'group_b_002', 'group_b_003']",[1 2 3],"{'n_estimators': 351, 'learning_rate': 0.02949317039284474, 'num_leaves': 23, 'max_depth': 3, 'min_child_samples': 24, 'reg_alpha': 3.3963367388998897e-07, 'reg_lambda': 3.7109372097937477e-07}",139.06136994350572,139.0613699435057,139.06136994350572,351.0,0.02949317039284474,23.0,3.0,24.0,3.3963367388998897e-07,3.7109372097937477e-07
"['group_a_001', 'group_a_002', 'group_a_003', 'group_b_001', 'group_b_002', 'group_b_003']",[1 2 3],"{'n_estimators': 310, 'learning_rate': 0.0639435418577027, 'num_leaves': 82, 'max_depth': 7, 'min_child_samples': 19, 'reg_alpha': 0.00037881239072911786, 'reg_lambda': 4.496228950620902e-07}",139.22317662820913,139.22317662820913,139.22317662820916,310.0,0.0639435418577027,82.0,7.0,19.0,0.00037881239072911786,4.496228950620902e-07
"['group_a_001', 'group_a_002', 'group_a_003', 'group_b_001', 'group_b_002', 'group_b_003']",[1 2 3],"{'n_estimators': 298, 'learning_rate': 0.07346598010403502, 'num_leaves': 48, 'max_depth': 5, 'min_child_samples': 17, 'reg_alpha': 3.4831159434469e-05, 'reg_lambda': 1.8836772092599354e-08}",139.23828691328464,139.2382869132846,139.23828691328467,298.0,0.07346598010403502,48.0,5.0,17.0,3.4831159434469e-05,1.8836772092599354e-08
"['group_a_001', 'group_a_002', 'group_a_003', 'group_b_001', 'group_b_002', 'group_b_003']",[1 2 3],"{'n_estimators': 293, 'learning_rate': 0.1362386605487864, 'num_leaves': 66, 'max_depth': 6, 'min_child_samples': 14, 'reg_alpha': 3.107407699920439e-05, 'reg_lambda': 1.5995602491947027e-07}",139.50129377946294,139.50129377946294,139.50129377946294,293.0,0.1362386605487864,66.0,6.0,14.0,3.107407699920439e-05,1.5995602491947027e-07
"['group_a_001', 'group_a_002', 'group_a_003', 'group_b_001', 'group_b_002', 'group_b_003']",[1 2 3],"{'n_estimators': 282, 'learning_rate': 0.03886804789096381, 'num_leaves': 61, 'max_depth': 6, 'min_child_samples': 30, 'reg_alpha': 2.182896776514969e-06, 'reg_lambda': 2.2841598458152086e-08}",139.69944420008937,139.69944420008937,139.69944420008937,282.0,0.03886804789096381,61.0,6.0,30.0,2.182896776514969e-06,2.2841598458152086e-08
"['group_a_001', 'group_a_002', 'group_a_003', 'group_b_001', 'group_b_002', 'group_b_003']",[1 2 3],"{'n_estimators': 377, 'learning_rate': 0.15871321958210777, 'num_leaves': 22, 'max_depth': 5, 'min_child_samples': 22, 'reg_alpha': 4.649788246268666e-05, 'reg_lambda': 4.627903076054558e-08}",139.77191786308103,139.77191786308103,139.77191786308106,377.0,0.15871321958210777,22.0,5.0,22.0,4.649788246268666e-05,4.627903076054558e-08
"['group_a_001', 'group_a_002', 'group_a_003', 'group_b_001', 'group_b_002', 'group_b_003']",[1 2 3],"{'n_estimators': 109, 'learning_rate': 0.034163646225343645, 'num_leaves': 47, 'max_depth': 7, 'min_child_samples': 17, 'reg_alpha': 9.577902132618659e-07, 'reg_lambda': 0.037583799626493705}",139.96762089892732,139.96762089892732,139.96762089892732,109.0,0.034163646225343645,47.0,7.0,17.0,9.577902132618659e-07,0.037583799626493705
"['group_a_001', 'group_a_002', 'group_a_003', 'group_b_001', 'group_b_002', 'group_b_003']",[1 2 3],"{'n_estimators': 319, 'learning_rate': 0.06486130311560527, 'num_leaves': 27, 'max_depth': 8, 'min_child_samples': 36, 'reg_alpha': 3.4803335035627116e-06, 'reg_lambda': 0.26757374820620083}",140.26606029530532,140.26606029530535,140.26606029530532,319.0,0.06486130311560527,27.0,8.0,36.0,3.4803335035627116e-06,0.26757374820620083
"['group_a_001', 'group_a_002', 'group_a_003', 'group_b_001', 'group_b_002', 'group_b_003']",[1 2 3],"{'n_estimators': 269, 'learning_rate': 0.08043347364724303, 'num_leaves': 61, 'max_depth': 5, 'min_child_samples': 5, 'reg_alpha': 0.0059756802119390485, 'reg_lambda': 9.081044590560374e-08}",140.58525592991012,140.58525592991015,140.58525592991015,269.0,0.08043347364724303,61.0,5.0,5.0,0.0059756802119390485,9.081044590560374e-08
"['group_a_001', 'group_a_002', 'group_a_003', 'group_b_001', 'group_b_002', 'group_b_003']",[1 2 3],"{'n_estimators': 381, 'learning_rate': 0.07579766602615992, 'num_leaves': 36, 'max_depth': 6, 'min_child_samples': 35, 'reg_alpha': 0.0006684925762564075, 'reg_lambda': 0.009730085996229645}",140.6171041418178,140.61710414181783,140.61710414181783,381.0,0.07579766602615992,36.0,6.0,35.0,0.0006684925762564075,0.009730085996229645
"['group_a_001', 'group_a_002', 'group_a_003', 'group_b_001', 'group_b_002', 'group_b_003']",[1 2 3],"{'n_estimators': 324, 'learning_rate': 0.07664197596538946, 'num_leaves': 19, 'max_depth': 5, 'min_child_samples': 12, 'reg_alpha': 4.570749520107241e-05, 'reg_lambda': 1.9669509278344925e-07}",140.70023466795888,140.70023466795888,140.70023466795888,324.0,0.07664197596538946,19.0,5.0,12.0,4.570749520107241e-05,1.9669509278344925e-07
"['group_a_001', 'group_a_002', 'group_a_003', 'group_b_001', 'group_b_002', 'group_b_003']",[1 2 3],"{'n_estimators': 309, 'learning_rate': 0.06283637002088607, 'num_leaves': 51, 'max_depth': 6, 'min_child_samples': 20, 'reg_alpha': 1.287590378140186e-05, 'reg_lambda': 2.368887562292348e-08}",140.8359338345796,140.8359338345796,140.8359338345796,309.0,0.06283637002088607,51.0,6.0,20.0,1.287590378140186e-05,2.368887562292348e-08
"['group_a_001', 'group_a_002', 'group_a_003', 'group_b_001', 'group_b_002', 'group_b_003']",[1 2 3],"{'n_estimators': 135, 'learning_rate': 0.017987863473362915, 'num_leaves': 20, 'max_depth': 6, 'min_child_samples': 22, 'reg_alpha': 2.7678419414850017e-06, 'reg_lambda': 0.28749982347407854}",140.98838555304246,140.98838555304246,140.9883855530425,135.0,0.017987863473362915,20.0,6.0,22.0,2.7678419414850017e-06,0.28749982347407854
"['group_a_001', 'group_a_002', 'group_a_003', 'group_b_001', 'group_b_002', 'group_b_003']",[1 2 3],"{'n_estimators': 334, 'learning_rate': 0.06941638378766952, 'num_leaves': 17, 'max_depth': 6, 'min_child_samples': 17, 'reg_alpha': 0.0001429640638112392, 'reg_lambda': 1.1930383292758514e-07}",140.98845486144762,140.98845486144762,140.98845486144768,334.0,0.06941638378766952,17.0,6.0,17.0,0.0001429640638112392,1.1930383292758514e-07
"['group_a_001', 'group_a_002', 'group_a_003', 'group_b_001', 'group_b_002', 'group_b_003']",[1 2 3],"{'n_estimators': 433, 'learning_rate': 0.12334951148517904, 'num_leaves': 33, 'max_depth': 7, 'min_child_samples': 28, 'reg_alpha': 5.27717903848937e-07, 'reg_lambda': 0.0007057316946285163}",141.05051942074638,141.0505194207464,141.05051942074638,433.0,0.12334951148517904,33.0,7.0,28.0,5.27717903848937e-07,0.0007057316946285163
"['group_a_001', 'group_a_002', 'group_a_003', 'group_b_001', 'group_b_002', 'group_b_003']",[1 2 3],"{'n_estimators': 408, 'learning_rate': 0.027710334153661725, 'num_leaves': 39, 'max_depth': 7, 'min_child_samples': 43, 'reg_alpha': 7.496555274502449e-05, 'reg_lambda': 2.7098111521866913e-08}",141.0548479328112,141.05484793281119,141.05484793281119,408.0,0.027710334153661725,39.0,7.0,43.0,7.496555274502449e-05,2.7098111521866913e-08
"['group_a_001', 'group_a_002', 'group_a_003', 'group_b_001', 'group_b_002', 'group_b_003']",[1 2 3],"{'n_estimators': 378, 'learning_rate': 0.07423514327527127, 'num_leaves': 27, 'max_depth': 5, 'min_child_samples': 32, 'reg_alpha': 9.595501476404048e-07, 'reg_lambda': 0.0004890323485176345}",141.08510717891338,141.08510717891338,141.08510717891335,378.0,0.07423514327527127,27.0,5.0,32.0,9.595501476404048e-07,0.0004890323485176345
"['group_a_001', 'group_a_002', 'group_a_003', 'group_b_001', 'group_b_002', 'group_b_003']",[1 2 3],"{'n_estimators': 308, 'learning_rate': 0.08003908666199933, 'num_leaves': 22, 'max_depth': 5, 'min_child_samples': 19, 'reg_alpha': 1.8190784329678083e-05, 'reg_lambda': 5.151229542011165e-08}",141.1130944853697,141.11309448536971,141.11309448536971,308.0,0.08003908666199933,22.0,5.0,19.0,1.8190784329678083e-05,5.151229542011165e-08
"['group_a_001', 'group_a_002', 'group_a_003', 'group_b_001', 'group_b_002', 'group_b_003']",[1 2 3],"{'n_estimators': 480, 'learning_rate': 0.05068968001147223, 'num_leaves': 75, 'max_depth': 4, 'min_child_samples': 23, 'reg_alpha': 4.032398966529676e-06, 'reg_lambda': 0.0985190459628655}",141.26868946873336,141.26868946873336,141.26868946873336,480.0,0.05068968001147223,75.0,4.0,23.0,4.032398966529676e-06,0.0985190459628655
"['group_a_001', 'group_a_002', 'group_a_003', 'group_b_001', 'group_b_002', 'group_b_003']",[1 2 3],"{'n_estimators': 365, 'learning_rate': 0.06987461300840049, 'num_leaves': 15, 'max_depth': 4, 'min_child_samples': 41, 'reg_alpha': 1.4654539883446868e-07, 'reg_lambda': 2.0105773068850528e-06}",141.5065375761551,141.5065375761551,141.50653757615513,365.0,0.06987461300840049,15.0,4.0,41.0,1.4654539883446868e-07,2.0105773068850528e-06
"['group_a_001', 'group_a_002', 'group_a_003', 'group_b_001', 'group_b_002', 'group_b_003']",[1 2 3],"{'n_estimators': 104, 'learning_rate': 0.03466258897407569, 'num_leaves': 43, 'max_depth': 5, 'min_child_samples': 37, 'reg_alpha': 3.154443500139828e-05, 'reg_lambda': 0.09603376914630732}",141.58914590801575,141.58914590801575,141.58914590801578,104.0,0.03466258897407569,43.0,5.0,37.0,3.154443500139828e-05,0.09603376914630732
"['group_a_001', 'group_a_002', 'group_a_003', 'group_b_001', 'group_b_002', 'group_b_003']",[1 2 3],"{'n_estimators': 155, 'learning_rate': 0.023993242906812727, 'num_leaves': 56, 'max_depth': 7, 'min_child_samples': 41, 'reg_alpha': 6.267062696005991e-07, 'reg_lambda': 0.00042472707398058225}",141.6724125159875,141.6724125159875,141.6724125159875,155.0,0.023993242906812727,56.0,7.0,41.0,6.267062696005991e-07,0.00042472707398058225
"['group_a_001', 'group_a_002', 'group_a_003', 'group_b_001', 'group_b_002', 'group_b_003']",[1 2 3],"{'n_estimators': 340, 'learning_rate': 0.08967093672302139, 'num_leaves': 23, 'max_depth': 4, 'min_child_samples': 16, 'reg_alpha': 3.638262777283729e-05, 'reg_lambda': 2.9244244177511927e-07}",141.8044757688318,141.80447576883182,141.80447576883182,340.0,0.08967093672302139,23.0,4.0,16.0,3.638262777283729e-05,2.9244244177511927e-07
"['group_a_001', 'group_a_002', 'group_a_003', 'group_b_001', 'group_b_002', 'group_b_003']",[1 2 3],"{'n_estimators': 343, 'learning_rate': 0.06813155462957901, 'num_leaves': 24, 'max_depth': 6, 'min_child_samples': 19, 'reg_alpha': 0.0003496207544711051, 'reg_lambda': 2.0002769905200924e-07}",142.0819206663995,142.08192066639953,142.08192066639953,343.0,0.06813155462957901,24.0,6.0,19.0,0.0003496207544711051,2.0002769905200924e-07
"['group_a_001', 'group_a_002', 'group_a_003', 'group_b_001', 'group_b_002', 'group_b_003']",[1 2 3],"{'n_estimators': 475, 'learning_rate': 0.030735075539128312, 'num_leaves': 111, 'max_depth': 6, 'min_child_samples': 22, 'reg_alpha': 2.2919303141137445e-05, 'reg_lambda': 0.0012580331452524654}",142.2474680462334,142.2474680462334,142.2474680462334,475.0,0.030735075539128312,111.0,6.0,22.0,2.2919303141137445e-05,0.0012580331452524654
"['group_a_001', 'group_a_002', 'group_a_003', 'group_b_001', 'group_b_002', 'group_b_003']",[1 2 3],"{'n_estimators': 440, 'learning_rate': 0.16266004863705857, 'num_leaves': 20, 'max_depth': 5, 'min_child_samples': 26, 'reg_alpha': 0.00033791416372843855, 'reg_lambda': 0.0673778680242524}",142.2763160910992,142.2763160910992,142.2763160910992,440.0,0.16266004863705857,20.0,5.0,26.0,0.00033791416372843855,0.0673778680242524
"['group_a_001', 'group_a_002', 'group_a_003', 'group_b_001', 'group_b_002', 'group_b_003']",[1 2 3],"{'n_estimators': 310, 'learning_rate': 0.056075934615400454, 'num_leaves': 118, 'max_depth': 4, 'min_child_samples': 18, 'reg_alpha': 4.609638824020635e-06, 'reg_lambda': 4.993924839669932e-08}",142.28419355016248,142.28419355016248,142.28419355016246,310.0,0.056075934615400454,118.0,4.0,18.0,4.609638824020635e-06,4.993924839669932e-08
"['group_a_001', 'group_a_002', 'group_a_003', 'group_b_001', 'group_b_002', 'group_b_003']",[1 2 3],"{'n_estimators': 467, 'learning_rate': 0.1037714879581613, 'num_leaves': 34, 'max_depth': 3, 'min_child_samples': 34, 'reg_alpha': 4.4410646534296185e-07, 'reg_lambda': 6.529584690299057e-08}",142.55652605220348,142.55652605220345,142.55652605220345,467.0,0.1037714879581613,34.0,3.0,34.0,4.4410646534296185e-07,6.529584690299057e-08
"['group_a_001', 'group_a_002', 'group_a_003', 'group_b_001', 'group_b_002', 'group_b_003']",[1 2 3],"{'n_estimators': 220, 'learning_rate': 0.14094089448816913, 'num_leaves': 39, 'max_depth': 7, 'min_child_samples': 26, 'reg_alpha': 0.000786019413286329, 'reg_lambda': 1.4829942513049798e-05}",142.74184936065168,142.74184936065166,142.74184936065168,220.0,0.14094089448816913,39.0,7.0,26.0,0.000786019413286329,1.4829942513049798e-05
"['group_a_001', 'group_a_002', 'group_a_003', 'group_b_001', 'group_b_002', 'group_b_003']",[1 2 3],"{'n_estimators': 360, 'learning_rate': 0.18600637521039662, 'num_leaves': 20, 'max_depth': 6, 'min_child_samples': 17, 'reg_alpha': 7.396458804996742e-05, 'reg_lambda': 6.599340535301046e-08}",143.20841614498966,143.20841614498966,143.20841614498963,360.0,0.18600637521039662,20.0,6.0,17.0,7.396458804996742e-05,6.599340535301046e-08
"['group_a_001', 'group_a_002', 'group_a_003', 'group_b_001', 'group_b_002', 'group_b_003']",[1 2 3],"{'n_estimators': 347, 'learning_rate': 0.060778861962359015, 'num_leaves': 59, 'max_depth': 6, 'min_child_samples': 13, 'reg_alpha': 2.7453324123804063e-05, 'reg_lambda': 2.437129614845365e-08}",143.34950723477073,143.34950723477073,143.34950723477073,347.0,0.060778861962359015,59.0,6.0,13.0,2.7453324123804063e-05,2.437129614845365e-08
"['group_a_001', 'group_a_002', 'group_a_003', 'group_b_001', 'group_b_002', 'group_b_003']",[1 2 3],"{'n_estimators': 276, 'learning_rate': 0.11620563962635314, 'num_leaves': 54, 'max_depth': 5, 'min_child_samples': 19, 'reg_alpha': 0.00016279895044804676, 'reg_lambda': 6.490416817830982e-07}",143.60897804192783,143.60897804192783,143.60897804192783,276.0,0.11620563962635314,54.0,5.0,19.0,0.00016279895044804676,6.490416817830982e-07
"['group_a_001', 'group_a_002', 'group_a_003', 'group_b_001', 'group_b_002', 'group_b_003']",[1 2 3],"{'n_estimators': 303, 'learning_rate': 0.14919389351157422, 'num_leaves': 31, 'max_depth': 5, 'min_child_samples': 31, 'reg_alpha': 0.00010893179889396902, 'reg_lambda': 0.02344102758515278}",143.63263743895956,143.63263743895956,143.63263743895956,303.0,0.14919389351157422,31.0,5.0,31.0,0.00010893179889396902,0.02344102758515278
"['group_a_001', 'group_a_002', 'group_a_003', 'group_b_001', 'group_b_002', 'group_b_003']",[1 2 3],"{'n_estimators': 480, 'learning_rate': 0.06333149883209656, 'num_leaves': 67, 'max_depth': 6, 'min_child_samples': 8, 'reg_alpha': 0.057808380615845895, 'reg_lambda': 0.005691361824137141}",143.725567346239,143.72556734623902,143.725567346239,480.0,0.06333149883209656,67.0,6.0,8.0,0.057808380615845895,0.005691361824137141
"['group_a_001', 'group_a_002', 'group_a_003', 'group_b_001', 'group_b_002', 'group_b_003']",[1 2 3],"{'n_estimators': 337, 'learning_rate': 0.09864138122925917, 'num_leaves': 19, 'max_depth': 5, 'min_child_samples': 17, 'reg_alpha': 1.5805203293523913e-05, 'reg_lambda': 9.684700460505882e-08}",143.799118972808,143.79911897280797,143.79911897280797,337.0,0.09864138122925917,19.0,5.0,17.0,1.5805203293523913e-05,9.684700460505882e-08
"['group_a_001', 'group_a_002', 'group_a_003', 'group_b_001', 'group_b_002', 'group_b_003']",[1 2 3],"{'n_estimators': 190, 'learning_rate': 0.014858427458948798, 'num_leaves': 19, 'max_depth': 6, 'min_child_samples': 20, 'reg_alpha': 0.00010509809494049362, 'reg_lambda': 0.010050236032701323}",144.09624186772876,144.09624186772876,144.09624186772876,190.0,0.014858427458948798,19.0,6.0,20.0,0.00010509809494049362,0.010050236032701323
"['group_a_001', 'group_a_002', 'group_a_003', 'group_b_001', 'group_b_002', 'group_b_003']",[1 2 3],"{'n_estimators': 347, 'learning_rate': 0.045969302900176354, 'num_leaves': 42, 'max_depth': 4, 'min_child_samples': 28, 'reg_alpha': 5.274649742454915e-05, 'reg_lambda': 0.00036964560462988787}",144.2917240610158,144.2917240610158,144.2917240610158,347.0,0.045969302900176354,42.0,4.0,28.0,5.274649742454915e-05,0.00036964560462988787
"['group_a_001', 'group_a_002', 'group_a_003', 'group_b_001', 'group_b_002', 'group_b_003']",[1 2 3],"{'n_estimators': 386, 'learning_rate': 0.08641835767527335, 'num_leaves': 17, 'max_depth': 4, 'min_child_samples': 24, 'reg_alpha': 8.178704084303008e-06, 'reg_lambda': 0.00014381420491111363}",144.34826625780605,144.34826625780605,144.34826625780607,386.0,0.08641835767527335,17.0,4.0,24.0,8.178704084303008e-06,0.00014381420491111363
"['group_a_001', 'group_a_002', 'group_a_003', 'group_b_001', 'group_b_002', 'group_b_003']",[1 2 3],"{'n_estimators': 339, 'learning_rate': 0.07255745311071879, 'num_leaves': 79, 'max_depth': 7, 'min_child_samples': 29, 'reg_alpha': 0.0002284780357284981, 'reg_lambda': 2.822987050741059e-07}",144.47383862238507,144.47383862238507,144.47383862238507,339.0,0.07255745311071879,79.0,7.0,29.0,0.0002284780357284981,2.822987050741059e-07
"['group_a_001', 'group_a_002', 'group_a_003', 'group_b_001', 'group_b_002', 'group_b_003']",[1 2 3],"{'n_estimators': 352, 'learning_rate': 0.07569447978041338, 'num_leaves': 54, 'max_depth': 5, 'min_child_samples': 32, 'reg_alpha': 0.00018810637989458126, 'reg_lambda': 0.0016971457329607263}",144.8776279549738,144.87762795497378,144.87762795497378,352.0,0.07569447978041338,54.0,5.0,32.0,0.00018810637989458126,0.0016971457329607263
"['group_a_001', 'group_a_002', 'group_a_003', 'group_b_001', 'group_b_002', 'group_b_003']",[1 2 3],"{'n_estimators': 312, 'learning_rate': 0.12548422430361084, 'num_leaves': 31, 'max_depth': 7, 'min_child_samples': 23, 'reg_alpha': 7.823209178302657e-08, 'reg_lambda': 0.00022536397616804794}",144.91063019781708,144.91063019781706,144.91063019781708,312.0,0.12548422430361084,31.0,7.0,23.0,7.823209178302657e-08,0.00022536397616804794
"['group_a_001', 'group_a_002', 'group_a_003', 'group_b_001', 'group_b_002', 'group_b_003']",[1 2 3],"{'n_estimators': 380, 'learning_rate': 0.10491600901635187, 'num_leaves': 61, 'max_depth': 7, 'min_child_samples': 31, 'reg_alpha': 2.130223411000317e-08, 'reg_lambda': 0.0001505018299453751}",145.44116843498776,145.44116843498776,145.44116843498773,380.0,0.10491600901635187,61.0,7.0,31.0,2.130223411000317e-08,0.0001505018299453751
"['group_a_001', 'group_a_002', 'group_a_003', 'group_b_001', 'group_b_002', 'group_b_003']",[1 2 3],"{'n_estimators': 299, 'learning_rate': 0.06681416975126274, 'num_leaves': 127, 'max_depth': 7, 'min_child_samples': 22, 'reg_alpha': 0.00020207896056214836, 'reg_lambda': 3.140767822338041e-08}",145.53416672767113,145.53416672767116,145.53416672767113,299.0,0.06681416975126274,127.0,7.0,22.0,0.00020207896056214836,3.140767822338041e-08
"['group_a_001', 'group_a_002', 'group_a_003', 'group_b_001', 'group_b_002', 'group_b_003']",[1 2 3],"{'n_estimators': 313, 'learning_rate': 0.08057489032043799, 'num_leaves': 64, 'max_depth': 6, 'min_child_samples': 18, 'reg_alpha': 0.00010461208632288429, 'reg_lambda': 8.413757526618525e-07}",145.56028984188902,145.56028984188902,145.56028984188902,313.0,0.08057489032043799,64.0,6.0,18.0,0.00010461208632288429,8.413757526618525e-07
"['group_a_001', 'group_a_002', 'group_a_003', 'group_b_001', 'group_b_002', 'group_b_003']",[1 2 3],"{'n_estimators': 500, 'learning_rate': 0.01049713127632179, 'num_leaves': 92, 'max_depth': 3, 'min_child_samples': 38, 'reg_alpha': 1.0688986810227881e-08, 'reg_lambda': 1.4238441777632824e-07}",145.65610056306176,145.65610056306173,145.65610056306176,500.0,0.01049713127632179,92.0,3.0,38.0,1.0688986810227881e-08,1.4238441777632824e-07
"['group_a_001', 'group_a_002', 'group_a_003', 'group_b_001', 'group_b_002', 'group_b_003']",[1 2 3],"{'n_estimators': 345, 'learning_rate': 0.13322890207837151, 'num_leaves': 23, 'max_depth': 6, 'min_child_samples': 26, 'reg_alpha': 3.304983393726492e-06, 'reg_lambda': 0.0034345863563818397}",146.2044820323195,146.2044820323195,146.2044820323195,345.0,0.13322890207837151,23.0,6.0,26.0,3.304983393726492e-06,0.0034345863563818397
"['group_a_001', 'group_a_002', 'group_a_003', 'group_b_001', 'group_b_002', 'group_b_003']",[1 2 3],"{'n_estimators': 445, 'learning_rate': 0.08039015526563827, 'num_leaves': 49, 'max_depth': 5, 'min_child_samples': 35, 'reg_alpha': 0.00950965110054314, 'reg_lambda': 6.10852987611838e-06}",146.58392137602422,146.58392137602422,146.58392137602422,445.0,0.08039015526563827,49.0,5.0,35.0,0.00950965110054314,6.10852987611838e-06
"['group_a_001', 'group_a_002', 'group_a_003', 'group_b_001', 'group_b_002', 'group_b_003']",[1 2 3],"{'n_estimators': 390, 'learning_rate': 0.10366943891265995, 'num_leaves': 36, 'max_depth': 10, 'min_child_samples': 32, 'reg_alpha': 0.02027609812998375, 'reg_lambda': 3.653176499761744e-05}",147.00593515056536,147.00593515056534,147.00593515056534,390.0,0.10366943891265995,36.0,10.0,32.0,0.02027609812998375,3.653176499761744e-05
"['group_a_001', 'group_a_002', 'group_a_003', 'group_b_001', 'group_b_002', 'group_b_003']",[1 2 3],"{'n_estimators': 174, 'learning_rate': 0.18258230439200238, 'num_leaves': 102, 'max_depth': 12, 'min_child_samples': 46, 'reg_alpha': 0.002404915432737351, 'reg_lambda': 1.9809253750493907}",147.2887739513609,147.28877395136092,147.28877395136092,174.0,0.18258230439200238,102.0,12.0,46.0,0.002404915432737351,1.9809253750493907
"['group_a_001', 'group_a_002', 'group_a_003', 'group_b_001', 'group_b_002', 'group_b_003']",[1 2 3],"{'n_estimators': 340, 'learning_rate': 0.09743266336557417, 'num_leaves': 45, 'max_depth': 6, 'min_child_samples': 34, 'reg_alpha': 8.057275586792199e-08, 'reg_lambda': 6.671585044047442e-05}",147.55810463734272,147.5581046373427,147.5581046373427,340.0,0.09743266336557417,45.0,6.0,34.0,8.057275586792199e-08,6.671585044047442e-05
"['group_a_001', 'group_a_002', 'group_a_003', 'group_b_001', 'group_b_002', 'group_b_003']",[1 2 3],"{'n_estimators': 299, 'learning_rate': 0.0529887030884767, 'num_leaves': 57, 'max_depth': 7, 'min_child_samples': 21, 'reg_alpha': 0.00019195152198395733, 'reg_lambda': 0.00018194870560016825}",148.5211843103668,148.5211843103668,148.5211843103668,299.0,0.0529887030884767,57.0,7.0,21.0,0.00019195152198395733,0.00018194870560016825
"['group_a_001', 'group_a_002', 'group_a_003', 'group_b_001', 'group_b_002', 'group_b_003']",[1 2 3],"{'n_estimators': 250, 'learning_rate': 0.17254716573280354, 'num_leaves': 97, 'max_depth': 8, 'min_child_samples': 12, 'reg_alpha': 2.5348407664333426e-07, 'reg_lambda': 3.3323645788192616e-08}",148.7815440230884,148.7815440230884,148.78154402308843,250.0,0.17254716573280354,97.0,8.0,12.0,2.5348407664333426e-07,3.3323645788192616e-08
"['group_a_001', 'group_a_002', 'group_a_003', 'group_b_001', 'group_b_002', 'group_b_003']",[1 2 3],"{'n_estimators': 243, 'learning_rate': 0.023200867504756827, 'num_leaves': 76, 'max_depth': 4, 'min_child_samples': 41, 'reg_alpha': 4.6876566400928895e-08, 'reg_lambda': 7.620481786158549}",149.29024012224343,149.2902401222434,149.2902401222434,243.0,0.023200867504756827,76.0,4.0,41.0,4.6876566400928895e-08,7.620481786158549
"['group_a_001', 'group_a_002', 'group_a_003', 'group_b_001', 'group_b_002', 'group_b_003']",[1 2 3],"{'n_estimators': 305, 'learning_rate': 0.08292797530014898, 'num_leaves': 124, 'max_depth': 11, 'min_child_samples': 14, 'reg_alpha': 0.0007387460530836834, 'reg_lambda': 1.7856978181230155e-05}",149.88157331508742,149.88157331508742,149.8815733150874,305.0,0.08292797530014898,124.0,11.0,14.0,0.0007387460530836834,1.7856978181230155e-05
"['group_a_001', 'group_a_002', 'group_a_003', 'group_b_001', 'group_b_002', 'group_b_003']",[1 2 3],"{'n_estimators': 337, 'learning_rate': 0.011492999300221412, 'num_leaves': 83, 'max_depth': 4, 'min_child_samples': 7, 'reg_alpha': 3.4671276804481113, 'reg_lambda': 4.905556676028774}",150.397065037643,150.397065037643,150.397065037643,337.0,0.011492999300221412,83.0,4.0,7.0,3.4671276804481113,4.905556676028774
"['group_a_001', 'group_a_002', 'group_a_003', 'group_b_001', 'group_b_002', 'group_b_003']",[1 2 3],"{'n_estimators': 366, 'learning_rate': 0.05486854050725637, 'num_leaves': 88, 'max_depth': 8, 'min_child_samples': 17, 'reg_alpha': 0.0005667591810148874, 'reg_lambda': 0.006343459246880669}",155.40816290732425,155.40816290732425,155.40816290732425,366.0,0.05486854050725637,88.0,8.0,17.0,0.0005667591810148874,0.006343459246880669
"['group_a_001', 'group_a_002', 'group_a_003', 'group_b_001', 'group_b_002', 'group_b_003']",[1 2 3],"{'n_estimators': 457, 'learning_rate': 0.07496017848577663, 'num_leaves': 100, 'max_depth': 11, 'min_child_samples': 29, 'reg_alpha': 0.0002856907001232687, 'reg_lambda': 2.1152563271607493e-07}",159.20399533482143,159.20399533482143,159.2039953348214,457.0,0.07496017848577663,100.0,11.0,29.0,0.0002856907001232687,2.1152563271607493e-07
